hrg_code,hrg_description
AA02A,Intracranial Procedures for Trauma with Diagnosis of Intracranial Injury with CC
AA02B,Intracranial Procedures for Trauma with Diagnosis of Intracranial Injury without CC
AA03A,Intracranial Procedures for Trauma with Diagnosis of Head Injury / Skull Fracture with CC
AA03B,Intracranial Procedures for Trauma with Diagnosis of Head Injury / Skull Fracture without CC
AA04A,"Intracranial Procedures Except Trauma with Non-Transient Stroke or Cerebrovascular Accident, Nervous system infections or Encephalopathy-category 4 with CC"
AA04B,"Intracranial Procedures Except Trauma with Non-Transient Stroke or Cerebrovascular Accident, Nervous system infections or Encephalopathy-category 4 without CC"
AA05A,Intracranial Procedures Except Trauma with Haemorrhagic Cerebrovascular Disorders - category 4 with CC
AA05B,Intracranial Procedures Except Trauma with Haemorrhagic Cerebrovascular Disorders - category 4 without CC
AA06A,Intracranial Procedures Except Trauma with Brain Tumours or Cerebral Cysts - category 4 with CC
AA06B,Intracranial Procedures Except Trauma with Brain Tumours or Cerebral Cysts - category 4 without CC
AA07A,Intracranial Procedures Except Trauma with Cerebral Degenerations or Miscellaneous Disorders of Nervous System - category 4 with CC
AA07B,Intracranial Procedures Except Trauma with Cerebral Degenerations or Miscellaneous Disorders of Nervous System - category 4 without CC
AA08A,"Intracranial Procedures Except Trauma with Muscular, Balance, Cranial or Peripheral Nerve disorders or Epilepsy - category 4 with CC"
AA08B,"Intracranial Procedures Except Trauma with Muscular, Balance, Cranial or Peripheral Nerve disorders or Epilepsy - category 4 without CC"
AA09A,Intracranial Procedures Except Trauma with Other Diagnoses - category 4 with CC
AA09B,Intracranial Procedures Except Trauma with Other Diagnoses - category 4 without CC
AA10A,"Intracranial Procedures Except Trauma with Non-Transient Stroke or Cerebrovascular Accident, Nervous system infections or Encephalopathy - category 3 with CC"
AA10B,"Intracranial Procedures Except Trauma with Non-Transient Stroke or Cerebrovascular Accident, Nervous system infections or Encephalopathy - category 3 without CC"
AA11A,Intracranial Procedures Except Trauma with Haemorrhagic Cerebrovascular Disorders - category 3 with CC
AA11B,Intracranial Procedures Except Trauma with Haemorrhagic Cerebrovascular Disorders - category 3 without CC
AA12A,Intracranial Procedures Except Trauma with Brain Tumours or Cerebral Cysts - category 3 with CC
AA12B,Intracranial Procedures Except Trauma with Brain Tumours or Cerebral Cysts - category 3 without CC
AA13A,Intracranial Procedures Except Trauma with Cerebral Degenerations or Miscellaneous Disorders of Nervous System -category 3 with CC
AA13B,Intracranial Procedures Except Trauma with Cerebral Degenerations or Miscellaneous Disorders of Nervous System -category 3 without CC
AA14A,"Intracranial Procedures Except Trauma with Muscular, Balance, Cranial or Peripheral Nerve disorders or Epilepsy - category 3 with CC"
AA14B,"Intracranial Procedures Except Trauma with Muscular, Balance, Cranial or Peripheral Nerve disorders or Epilepsy - category 3 without CC"
AA15A,Intracranial Procedures Except Trauma with Other Diagnoses - category 3 with CC
AA15B,Intracranial Procedures Except Trauma with Other Diagnoses - category 3 without CC
AA16A,"Intracranial Procedures Except Trauma with Non-Transient Stroke or Cerebrovascular Accident, Nervous system infections or Encephalopathy -category 1 or 2 with CC"
AA16B,"Intracranial Procedures Except Trauma with Non-Transient Stroke or Cerebrovascular Accident, Nervous system infections or Encephalopathy -category 1 or 2 without CC"
AA17A,Intracranial Procedures Except Trauma with Haemorrhagic Cerebrovascular Disorders - category 1 or 2 with CC
AA17B,Intracranial Procedures Except Trauma with Haemorrhagic Cerebrovascular Disorders - category 1 or 2 without CC
AA18A,Intracranial Procedures Except Trauma with Brain Tumours or Cerebral Cysts - category 1 or 2 with CC
AA18B,Intracranial Procedures Except Trauma with Brain Tumours or Cerebral Cysts - category 1 or 2 without CC
AA19A,Intracranial Procedures Except Trauma with Cerebral Degenerations or Miscellaneous Disorders of Nervous System - category 1 or 2 with CC
AA19B,Intracranial Procedures Except Trauma with Cerebral Degenerations or Miscellaneous Disorders of Nervous System - category 1 or 2 without CC
AA20A,"Intracranial Procedures Except Trauma with Muscular, Balance, Cranial or Peripheral Nerve disorders or Epilepsy- category 1 or 2 with CC"
AA20B,"Intracranial Procedures Except Trauma with Muscular, Balance, Cranial or Peripheral Nerve disorders or Epilepsy- category 1 or 2 without CC"
AA21A,Intracranial Procedures Except Trauma with Other Diagnoses - category 1 or 2 with CC
AA21B,Intracranial Procedures Except Trauma with Other Diagnoses - category 1 or 2 without CC
AA22A,"Non-Transient Stroke or Cerebrovascular Accident, Nervous system infections or Encephalopathy with CC"
AA22B,"Non-Transient Stroke or Cerebrovascular Accident, Nervous system infections or Encephalopathy without CC"
AA23A,Haemorrhagic Cerebrovascular Disorders with CC
AA23B,Haemorrhagic Cerebrovascular Disorders without CC
AA24A,Brain Tumours or Cerebral Cysts with CC
AA24B,Brain Tumours or Cerebral Cysts without CC
AA25A,Cerebral Degenerations or Miscellaneous Disorders of Nervous System with CC
AA25B,Cerebral Degenerations or Miscellaneous Disorders of Nervous System without CC
AA26A,"Muscular, Balance, Cranial or Peripheral Nerve disorders; Epilepsy; Head Injury with CC"
AA26B,"Muscular, Balance, Cranial or Peripheral Nerve disorders; Epilepsy; Head Injury without CC"
AA27A,Medical Care of Patients with Alzheimer's Disease with CC
AA27B,Medical Care of Patients with Alzheimer's Disease without CC
AA28A,Motor Neuron Disease with CC
AA28B,Motor Neuron Disease without CC
AA29A,Transient Ischaemic Attack with CC
AA29B,Transient Ischaemic Attack without CC
AA30A,Medical Care of Patients with Multiple Sclerosis with CC
AA30B,Medical Care of Patients with Multiple Sclerosis without CC
AA31A,"Headache, Migraine or Cerebrospinal Fluid Leak with CC"
AA31B,"Headache, Migraine or Cerebrospinal Fluid Leak without CC"
AA32Z,Neuropsychology tests with length of stay 2 days or less
AA33C,Conventional EEG/EMG/Nerve conduction studies with length of stay 2 days or less 19 years and over
AA33D,Conventional EEG/EMG/Nerve conduction studies with length of stay 2 days or less 18 years and under
AA34C,Neurophysiological operations 19 years and over
AA34D,Neurophysiological operations 18 years and under
AB02Z,Complex Major Pain Procedures
AB03Z,Complex Pain Procedures
AB04Z,Major Pain Procedures
AB05Z,Intermediate Pain Procedures
AB06Z,Minor Pain Procedures
AB07Z,Insertion of neurostimulator or intrathecal drug delivery device
AB08Z,Pain Radiofrequency treatments
AB09Z,Other Specified Pain Procedures
AB10Z,Unspecified Pain Procedures
AB11Z,Cognitive Behavioural Therapy
BZ01Z,Enhanced Cataract Surgery
BZ02Z,Phacoemulsification Cataract Extraction and Lens Implant
BZ03Z,Non-Phacoemulsification Cataract Surgery
BZ04Z,Lens Capsulotomy
BZ05Z,Oculoplastics category 3
BZ06A,Oculoplastics category 2: 19 years and over
BZ06B,Oculoplastics category 2: 18 years and under
BZ07A,Oculoplastics category 1: 19 years and over
BZ07B,Oculoplastics category 1: 18 years and under
BZ08A,Orbits / lacrimal category 3: 19 years and over
BZ08B,Orbits / lacrimal category 3: 18 years and under
BZ09A,Orbits / lacrimal category 2: 19 years and over
BZ09B,Orbits / lacrimal category 2: 18 years and under
BZ10A,Orbits / lacrimal category 1: 19 years and over
BZ10B,Orbits / lacrimal category 1: 18 years and under
BZ11Z,Cornea / Sclera - category 3
BZ12Z,Cornea / Sclera - category 2
BZ13Z,Cornea / Sclera - category 1
BZ14A,Ocular Motility category 3: 19 years and over
BZ14B,Ocular Motility category 3: 18 years and under
BZ15A,Ocular Motility category 2: 19 years and over
BZ15B,Ocular Motility category 2: 18 years and under
BZ16A,Ocular Motility category 1: 19 years and over
BZ16B,Ocular Motility category 1: 18 years and under
BZ17Z,Glaucoma - category 3
BZ18Z,Glaucoma - category 2
BZ19Z,Glaucoma - category 1
BZ20Z,Vitreous Retinal Procedures - category 4
BZ21Z,Vitreous Retinal Procedures - category 3
BZ22Z,Vitreous Retinal Procedures - category 2
BZ23Z,Vitreous Retinal Procedures - category 1
BZ24A,Non-Surgical Ophthalmology with length of stay 2 days or more
BZ24C,Non-Surgical Ophthalmology with length of stay 1 day or less
CZ01S,Minor Mouth or Throat Procedures 18 years and under with CC
CZ01T,Minor Mouth or Throat Procedures 18 years and under without CC
CZ01V,Minor Mouth or Throat Procedures 19 years and over with CC
CZ01Y,Minor Mouth or Throat Procedures 19 years and over without CC
CZ02S,Intermediate Mouth or Throat Procedures 18 years and under with CC
CZ02T,Intermediate Mouth or Throat Procedures 18 years and under without CC
CZ02W,Intermediate Mouth or Throat Procedures 19 years and over with Major CC
CZ02X,Intermediate Mouth or Throat Procedures 19 years and over with Intermediate CC
CZ02Y,Intermediate Mouth or Throat Procedures 19 years and over without CC
CZ03U,Major Mouth or Throat Procedures 18 years and under
CZ03V,Major Mouth or Throat Procedures 19 years and over with CC
CZ03Y,Major Mouth or Throat Procedures 19 years and over without CC
CZ04O,Complex Major Mouth or Throat Procedures with Major CC
CZ04P,Complex Major Mouth or Throat Procedures with Intermediate CC
CZ04Q,Complex Major Mouth or Throat Procedures without CC
CZ05S,Tonsillectomy 18 years and under with CC
CZ05T,Tonsillectomy 18 years and under without CC
CZ05V,Tonsillectomy 19 years and over with CC
CZ05Y,Tonsillectomy 19 years and over without CC
CZ07O,Exteriorisation of Trachea with Major CC
CZ07P,Exteriorisation of Trachea with Intermediate CC
CZ07Q,Exteriorisation of Trachea without CC
CZ08S,Minor Ear Procedures 18 years and under with CC
CZ08T,Minor Ear Procedures 18 years and under without CC
CZ08V,Minor Ear Procedures 19 years and over with CC
CZ08Y,Minor Ear Procedures 19 years and over without CC
CZ09U,Intermediate Ear Procedures 18 years and under
CZ09V,Intermediate Ear Procedures 19 years and over with CC
CZ09Y,Intermediate Ear Procedures 19 years and over without CC
CZ10U,Major Ear Procedures 18 years and under
CZ10V,Major Ear Procedures 19 years and over with CC
CZ10Y,Major Ear Procedures 19 years and over without CC
CZ11Z,Complex Major Ear Procedures
CZ12U,Minor Nose Procedures 18 years and under
CZ12V,Minor Nose Procedures 19 years and over with CC
CZ12Y,Minor Nose Procedures 19 years and over without CC
CZ13U,Intermediate Nose Procedures 18 years and under
CZ13V,Intermediate Nose Procedures 19 years and over with CC
CZ13Y,Intermediate Nose Procedures 19 years and over without CC
CZ14U,Major Nose Procedures 18 years and under
CZ14V,Major Nose Procedures 19 years and over with CC
CZ14Y,Major Nose Procedures 19 years and over without CC
CZ15N,Complex Major Nose Procedures with CC
CZ15Q,Complex Major Nose Procedures without CC
CZ16N,Minor Maxillo-facial Procedures with CC
CZ16Q,Minor Maxillo-facial Procedures without CC
CZ17U,Intermediate Maxillo-facial Procedures 18 years and under
CZ17V,Intermediate Maxillo-facial Procedures 19 years and over with CC
CZ17Y,Intermediate Maxillo-facial Procedures 19 years and over without CC
CZ18R,Major Maxillo-facial Procedures 19 years and over
CZ18U,Major Maxillo-facial Procedures 18 years and under
CZ19Z,Complex Major Maxillo-facial Procedures
CZ20Z,Complex Major Maxillo-facial Procedures with restoration
CZ21V,"Minor Head, Neck and Ear Disorders 19 years and over with CC"
CZ21Y,"Minor Head, Neck and Ear Disorders 19 years and over without CC"
CZ22W,"Intermediate Head, Neck and Ear Disorders 19 years and over with Major CC"
CZ22X,"Intermediate Head, Neck and Ear Disorders 19 years and over with Intermediate CC"
CZ22Y,"Intermediate Head, Neck and Ear Disorders 19 years and over without CC"
CZ23W,"Major Head, Neck and Ear Disorders 19 years and over with Major CC"
CZ23X,"Major Head, Neck and Ear Disorders 19 years and over with Intermediate CC"
CZ23Y,"Major Head, Neck and Ear Disorders 19 years and over without CC"
CZ24O,"Complex/Major Head, Neck and Ear Disorders with Major CC"
CZ24P,"Complex/Major Head, Neck and Ear Disorders with Intermediate CC"
CZ24Q,"Complex/Major Head, Neck and Ear Disorders without CC"
CZ25N,Cochlear Implants with CC
CZ25Q,Cochlear Implants without CC
CZ27Z,Fixture of Bone Anchored Hearing Aids
CZ28Z,Fitting of Bone Anchored Hearing Aids
CZ30U,Minor extraction of tooth 18 years and under
CZ30Y,Minor extraction of tooth 19 years and over
CZ31U,Minor dental biopsy 18 years and under
CZ31Y,Minor dental biopsy 19 years and over
CZ32U,Fitting/Insertion procedures 18 years and under
CZ32Y,Fitting/Insertion procedures 19 years and over
CZ33U,Minor restoration procedures 18 years and under
CZ33Y,Minor restoration procedures 19 years and over
CZ34U,Minor dental procedures 18 years and under
CZ34Y,Minor dental procedures 19 years and over
CZ35U,Adjustment of device 18 years and under
CZ35Y,Adjustment of device 19 years and over
CZ36U,Excision/biopsy procedures 18 years and under
CZ36Y,Excision/biopsy procedures 19 years and over
CZ37U,Surgical removal of tooth 18 years and under
CZ37Y,Surgical removal of tooth 19 years and over
CZ38U,Creation of impression 18 years and under
CZ38Y,Creation of impression 19 years and over
CZ39U,Intermediate dental procedures 18 years and under
CZ39Y,Intermediate dental procedures 19 years and over
CZ40U,Major surgical removal of tooth 18 years and under
CZ40Y,Major surgical removal of tooth 19 years and over
CZ41U,Major dental procedures 18 years and under
CZ41Y,Major dental procedures 19 years and over
CZ42U,Extraction of multiple teeth 18 years and under
CZ42Y,Extraction of multiple teeth 19 years and over
DZ01Z,Lung Transplant
DZ02A,Complex Thoracic Procedures with Major CC
DZ02B,Complex Thoracic Procedures with CC
DZ02C,Complex Thoracic Procedures without CC
DZ03A,Major Thoracic Procedures with CC
DZ03B,Major Thoracic Procedures without CC
DZ04A,Intermediate Thoracic Procedures with CC
DZ04B,Intermediate Thoracic Procedures without CC
DZ06Z,Minor Thoracic Procedures
DZ07A,Fibre optic Bronchoscopy 19 years and over
DZ07B,Fibre optic Bronchoscopy 18 years and under
DZ08Z,Rigid Bronchoscopy
DZ09A,Pulmonary Embolus with Major CC
DZ09B,Pulmonary Embolus with CC
DZ09C,Pulmonary Embolus without CC
DZ10A,Lung Abscess-Empyema with Major CC
DZ10B,Lung Abscess-Empyema with CC
DZ10C,Lung Abscess-Empyema without CC
DZ11A,"Lobar, Atypical or Viral Pneumonia with Major CC"
DZ11B,"Lobar, Atypical or Viral Pneumonia with CC"
DZ11C,"Lobar, Atypical or Viral Pneumonia without CC"
DZ12A,Bronchiectasis with CC
DZ12B,Bronchiectasis without CC
DZ13A,Cystic Fibrosis with CC
DZ13B,Cystic Fibrosis without CC
DZ14A,"Pulmonary, Pleural or Other Tuberculosis with CC"
DZ14B,"Pulmonary, Pleural or Other Tuberculosis without CC"
DZ15A,Asthma with Major CC with Intubation
DZ15B,Asthma with CC with Intubation
DZ15C,Asthma without CC with Intubation
DZ15D,Asthma with Major CC without Intubation
DZ15E,Asthma with CC without Intubation
DZ15F,Asthma without CC without Intubation
DZ16A,Pleural Effusion with Major CC
DZ16B,Pleural Effusion with CC
DZ16C,Pleural Effusion without CC
DZ17A,Respiratory Neoplasms with Major CC
DZ17B,Respiratory Neoplasms with CC
DZ17C,Respiratory Neoplasms without CC
DZ18Z,Sleeping Disorders Affecting Breathing
DZ19A,Other Respiratory Diagnoses with Major CC
DZ19B,Other Respiratory Diagnoses with CC
DZ19C,Other Respiratory Diagnoses without CC
DZ20Z,Pulmonary Oedema
DZ21A,Chronic Obstructive Pulmonary Disease or Bronchitis with length of stay 1 day or less discharged home
DZ21B,Chronic Obstructive Pulmonary Disease or Bronchitis with Intubation with Major CC
DZ21C,Chronic Obstructive Pulmonary Disease or Bronchitis with Intubation with CC
DZ21D,Chronic Obstructive Pulmonary Disease or Bronchitis with Intubation without CC
DZ21E,Chronic Obstructive Pulmonary Disease or Bronchitis with NIV without Intubation with Major CC
DZ21F,Chronic Obstructive Pulmonary Disease or Bronchitis with NIV without Intubation with CC
DZ21G,Chronic Obstructive Pulmonary Disease or Bronchitis with NIV without Intubation without CC
DZ21H,Chronic Obstructive Pulmonary Disease or Bronchitis without NIV without Intubation with Major CC
DZ21J,Chronic Obstructive Pulmonary Disease or Bronchitis without NIV without Intubation with CC
DZ21K,Chronic Obstructive Pulmonary Disease or Bronchitis without NIV without Intubation without CC
DZ22A,Unspecified Acute Lower Respiratory Infection with Major CC
DZ22B,Unspecified Acute Lower Respiratory Infection with CC
DZ22C,Unspecified Acute Lower Respiratory Infection without CC
DZ23A,Bronchopneumonia with Major CC
DZ23B,Bronchopneumonia with CC
DZ23C,Bronchopneumonia without CC
DZ24A,Inhalation Lung Injury or Foreign Body with Major CC
DZ24B,Inhalation Lung Injury or Foreign Body with CC
DZ24C,Inhalation Lung Injury or Foreign Body without CC
DZ25A,Fibrosis or Pneumoconiosis with CC
DZ25B,Fibrosis or Pneumoconiosis without CC
DZ26A,Pneumothorax with CC
DZ26B,Pneumothorax without CC
DZ27A,Respiratory Failure with Intubation with Major CC
DZ27B,Respiratory Failure with Intubation with CC
DZ27C,Respiratory Failure with Intubation without CC
DZ27D,Respiratory Failure without Intubation with Major CC
DZ27E,Respiratory Failure without Intubation with CC
DZ27F,Respiratory Failure without Intubation without CC
DZ28Z,Pleurisy
DZ29A,"Granulomatous, Allergic Alveolitis or Autoimmune Lung Disease with CC"
DZ29B,"Granulomatous, Allergic Alveolitis or Autoimmune Lung Disease without CC"
DZ30Z,Chest Physiotherapy
DZ31Z,Complex Lung Function Exercise Testing
DZ32Z,Simple Lung Function Exercise Testing
DZ33Z,Hyperbaric Oxygen Treatment
DZ34Z,Complex Bronchodilator Studies
DZ35Z,Simple Bronchodilator Studies
DZ36Z,Bronchial Reactivity Studies
DZ37A,Non-Invasive Ventilation Support Assessment 19 years and over
DZ37B,Non-Invasive Ventilation Support Assessment 18 years and under
DZ38Z,Oxygen Assessment and Monitoring
DZ39Z,Complex Gas Exchange Studies
DZ40Z,Simple Gas Exchange Studies
DZ41Z,Smoking Cessation Support
DZ42Z,TB Nurse Support
DZ43Z,Complex Airflow Studies
DZ44Z,Simple Airflow Studies
DZ45Z,Lung Volume Studies
DZ46Z,Respiratory Muscle Strength Studies
DZ48Z,Respiratory Drive Studies
DZ49Z,Respiratory Nurse and AHP education/support
DZ50Z,Respiratory Sleep Study
DZ51Z,Complex Tuberculosis
EA01Z,Heart & Lung Transplant
EA02Z,Heart Transplant
EA03Z,Pace 1 - Single chamber or Implantable Diagnostic Device
EA05Z,Pace 2 - Dual Chamber
EA07Z,Pace 3 - Biventricular and all congenital pacemaker Procedures - Resynchronisation Therapy
EA09Z,Percutaneous Interventions: Percutaneous transluminal ASD/VSD/PFO closure and valve insertion
EA10Z,Percutaneous Interventions: Balloon valve intermediate interventions and arterial duct closure
EA11Z,"Percutaneous Interventions: Other including Septostomy, Embolisations, Non-coronary Stents and Energy Moderated Perforation"
EA12Z,Implantation of Cardioverter - Defibrillator only
EA14Z,Coronary Artery Bypass Graft (First Time)
EA16Z,"Coronary Artery Bypass Graft (First Time) with Percutaneous Coronary Intervention, Pacing, EP or RFA"
EA17Z,Single Cardiac Valve Procedures
EA19Z,"Single Cardiac Valve Procedures with Percutaneous Coronary Intervention, Pacing, EP or RFA"
EA20Z,Other Complex Cardiac Surgery and Re-do's
EA22Z,"Other Complex Cardiac Surgery with Percutaneous Coronary Intervention, Pacing, EP or RFA"
EA23Z,Major Complex Congenital Surgery
EA24Z,Complex Congenital Surgery
EA25Z,Intermediate Congenital Surgery
EA26Z,Standard Congenital Surgery
EA27Z,Percutaneous Standard EP or Ablation
EA29Z,Percutaneous Complex Ablation (includes Atrial Fibrillation or Ventricular Tachycardia)
EA31Z,Percutaneous Coronary Intervention (0-2 Stents)
EA35Z,Other Percutaneous Interventions
EA36A,Catheter 19 years and over
EA36B,Catheter 18 years and under
EA39Z,Pacemaker Procedure without Generator Implant (includes resiting and removal of cardiac pacemaker system)
EA40Z,Other Non-Complex Cardiac Surgery
EA43Z,Implantation of Prosthetic Heart or Ventricular Assist Device
EA44Z,Minor Cardiac Procedures
EA45Z,"Complex Echocardiogram (include Congenital, Transoesophageal and Fetal Echocardiography)"
EA47Z,Electrocardiogram Monitoring and stress testing
EA48Z,"Single or dual chamber pacemaker or Implantable Diagnostic Device with Percutaneous Coronary Intervention, EP or RFA"
EA49Z,Percutaneous Coronary Interventions with 3 or more Stents or rotablation or IVUS or pressure wire
EA51Z,Coronary Artery Bypass Graft with valve replacement or repair
EA52Z,Repair or replacement of more than one heart valve
EB01Z,Non interventional acquired cardiac conditions
EB02Z,Endocarditis
EB03H,Heart Failure or Shock with CC
EB03I,Heart Failure or Shock without CC
EB04H,Hypertension with CC
EB04I,Hypertension without CC
EB05Z,Cardiac Arrest
EB06Z,Cardiac Valve Disorders
EB07H,Arrhythmia or Conduction Disorders with CC
EB07I,Arrhythmia or Conduction Disorders without CC
EB08H,Syncope or Collapse with CC
EB08I,Syncope or Collapse without CC
EB09Z,Non-Interventional Congenital Cardiac Conditions
EB10Z,Actual or Suspected Myocardial Infarction
FZ01A,Complex Oesophageal Procedures 19 years and over with CC
FZ01B,Complex Oesophageal Procedures 19 years and over without CC
FZ01C,Complex Oesophageal Procedures 18 years and under
FZ02Z,Very Major Oesophageal Procedures
FZ04A,Very Major Stomach or Duodenum Procedures with Major CC
FZ04B,Very Major Stomach or Duodenum Procedures without Major CC
FZ05A,Major Stomach or Duodenum Procedures 2 years and over with CC
FZ05B,Major Stomach or Duodenum Procedures 2 years and over without CC
FZ05C,Major Stomach or Duodenum Procedures 1 year and under
FZ08A,Complex Large Intestine Procedures with Major CC
FZ08B,Complex Large Intestine Procedures without Major CC
FZ09A,Proximal colon procedures with Major CC
FZ09B,Proximal colon procedures without Major CC
FZ10A,Distal colon procedures with Major CC
FZ10B,Distal colon procedures without Major CC
FZ11A,Large Intestine - Major Procedures with Major CC
FZ11B,Large Intestine - Major Procedures without Major CC
FZ12D,General Abdominal - Very Major or Major Procedures 19 years and over with Major CC
FZ12E,General Abdominal - Very Major or Major Procedures 19 years and over with Intermediate CC
FZ12F,General Abdominal - Very Major or Major Procedures 19 years and over without CC
FZ12G,General Abdominal - Very Major or Major Procedures 18 years and under
FZ13Z,General Abdominal - Diagnostic Procedures
FZ14Z,Complex Procedures for Inflammatory Bowel Disease
FZ15Z,Major Procedures for Inflammatory Bowel Disease
FZ16Z,Very Major Procedures for Gastrointestinal Bleed
FZ17A,Abdominal Hernia Procedures 19 years and over with Major CC
FZ17B,Abdominal Hernia Procedures 19 years and over with Intermediate CC
FZ17C,Abdominal Hernia Procedures 19 years and over without CC
FZ17D,Abdominal Hernia Procedures 18 years and under
FZ18A,Inguinal Umbilical or Femoral Hernia Repairs 19 years and over with Major CC
FZ18B,Inguinal Umbilical or Femoral Hernia Repairs 19 years and over with Intermediate CC
FZ18C,Inguinal Umbilical or Femoral Hernia Repairs 19 years and over without CC
FZ18D,Inguinal Umbilical or Femoral Hernia Repairs 18 years and under
FZ19Z,Herniotomy Procedures
FZ20A,Appendicectomy Procedures 19 years and over with Major CC
FZ20B,Appendicectomy Procedures 19 years and over without Major CC
FZ20C,Appendicectomy Procedures 18 years and under
FZ21Z,Major Anal Procedures
FZ22A,Intermediate Anal Procedures 19 years and over
FZ22B,Intermediate Anal Procedures 18 years and under
FZ23Z,Minor Anal Procedures
FZ24A,Major Therapeutic Open or Endoscopic Procedures 19 years and over with Major CC
FZ24B,Major Therapeutic Open or Endoscopic Procedures 19 years and over with Intermediate CC
FZ24C,Major Therapeutic Open or Endoscopic Procedures 19 years and over without CC
FZ24D,Major Therapeutic Open or Endoscopic Procedures 18 years and under
FZ25A,Therapeutic Endoscopic or Intermediate Stomach or Duodenum Procedures 19 years and over
FZ25B,Therapeutic Endoscopic or Intermediate Stomach or Duodenum Procedures 18 years and under
FZ27A,Endoscopic or Intermediate General Abdominal Procedures 19 years and over with Major CC
FZ27B,Endoscopic or Intermediate General Abdominal Procedures 19 years and over with Intermediate CC
FZ27C,Endoscopic or Intermediate General Abdominal Procedures 19 years and over without CC
FZ27D,Endoscopic or Intermediate General Abdominal Procedures 18 years and under
FZ28A,Endoscopic or Intermediate Procedures for Inflammatory Bowel Disease 19 years and over with CC
FZ28B,Endoscopic or Intermediate Procedures for Inflammatory Bowel Disease 19 years and over without CC
FZ28C,Endoscopic or Intermediate Procedures for Inflammatory Bowel Disease 18 years and under
FZ29Z,Major or Therapeutic Endoscopic Procedures for Gastrointestinal Bleed
FZ30Z,Diagnostic Endoscopic or Intermediate Procedures for Gastrointestinal Bleed
FZ31D,Disorders of the Oesophagus with length of stay 2 days or more with Major CC
FZ31E,Disorders of the Oesophagus with length of stay 2 days or more without Major CC
FZ31F,Disorders of the Oesophagus with length of stay 1 day or less
FZ33C,Small Intestinal Disorders (excluding Inflammatory Bowel Disease) with length of stay 2 days or more with CC
FZ33D,Small Intestinal Disorders (excluding Inflammatory Bowel Disease) with length of stay 2 days or more without CC
FZ33E,Small Intestinal Disorders (excluding Inflammatory Bowel Disease) with length of stay 1 day or less
FZ36D,Intestinal Infectious Disorders with length of stay 2 days or more Major CC
FZ36E,Intestinal Infectious Disorders with length of stay 2 days or more without Major CC
FZ36F,Intestinal Infectious Disorders with length of stay 1 day or less
FZ37F,Inflammatory Bowel Disease with length of stay 1 day or less
FZ37G,Inflammatory Bowel Disease with length of stay 2 days or more with Major CC with Interventions
FZ37H,Inflammatory Bowel Disease with length of stay 2 days or more with Major CC without Interventions
FZ37I,Inflammatory Bowel Disease with length of stay 2 days or more without Major CC with Interventions
FZ37J,Inflammatory Bowel Disease with length of stay 2 days or more without Major CC without Interventions
FZ38D,Gastrointestinal Bleed with length of stay 2 days or more with Major CC
FZ38E,Gastrointestinal Bleed with length of stay 2 days or more without Major CC
FZ38F,Gastrointestinal Bleed with length of stay 1 day or less
FZ39D,Hernia Disorders with length of stay 2 days or more with Major CC
FZ39E,Hernia Disorders with length of stay 2 days or more without Major CC
FZ39F,Hernia Disorders with length of stay 1 day or less
FZ40A,Appendix Disorders with length of stay 2 days or more
FZ40B,Appendix Disorders with length of stay 1 day or less
FZ41D,Anal Disorders with length of stay 2 days or more with Major CC
FZ41E,Anal Disorders with length of stay 2 days or more without Major CC
FZ41F,Anal Disorders with length of stay 1 day or less
FZ42Z,Wireless Capsule Endoscopy
FZ43A,Non-Malignant Stomach or Duodenum Disorders with length of stay 2 days or more with Major CC
FZ43B,Non-Malignant Stomach or Duodenum Disorders with length of stay 2 days or more without Major CC
FZ43C,Non-Malignant Stomach or Duodenum Disorders with length of stay 1 day or less
FZ44A,Malignant Stomach or Duodenum Disorders with length of stay 2 days or more with Major CC
FZ44B,Malignant Stomach or Duodenum Disorders with length of stay 2 days or more without Major CC
FZ44C,Malignant Stomach or Duodenum Disorders with length of stay 1 day or less
FZ45A,Non-Malignant Large Intestinal Disorders with length of stay 2 days or more with Major CC
FZ45B,Non-Malignant Large Intestinal Disorders with length of stay 2 days or more without Major CC
FZ45C,Non-Malignant Large Intestinal Disorders with length of stay 1 day or less
FZ46A,Malignant Large Intestinal Disorders with length of stay 2 days or more with Major CC
FZ46B,Malignant Large Intestinal Disorders with length of stay 2 days or more without Major CC
FZ46C,Malignant Large Intestinal Disorders with length of stay 1 day or less
FZ47A,Non-Malignant General Abdominal Disorders with length of stay 2 days or more with Major CC
FZ47B,Non-Malignant General Abdominal Disorders with length of stay 2 days or more without Major CC
FZ47C,Non-Malignant General Abdominal Disorders with length of stay 1 day or less
FZ48A,Malignant General Abdominal Disorders with length of stay 2 days or more with Major CC
FZ48B,Malignant General Abdominal Disorders with length of stay 2 days or more without Major CC
FZ48C,Malignant General Abdominal Disorders with length of stay 1 day or less
FZ49A,Disorders of Nutrition with length of stay 2 days or more with Major CC
FZ49B,Disorders of Nutrition with length of stay 2 days or more without Major CC
FZ49C,Disorders of Nutrition with length of stay 1 day or less
FZ50Z,Intermediate Large Intestine Procedures 19 years and over
FZ51Z,Diagnostic Colonoscopy 19 years and over
FZ52Z,Diagnostic Colonoscopy with biopsy 19 years and over
FZ53Z,Therapeutic Colonoscopy 19 years and over
FZ54Z,Diagnostic Flexible Sigmoidoscopy 19 years and over
FZ55Z,Diagnostic Flexible Sigmoidoscopy with biopsy 19 years and over
FZ56Z,Therapeutic Flexible Sigmoidoscopy 19 years and over
FZ57Z,Diagnostic or Therapeutic Rigid Sigmoidoscopy 19 years and over
FZ58Z,Endoscopic or Intermediate Large Intestine Procedures 18 years and under
FZ59Z,Intermediate Procedures on the Upper GI Tract 19 years and over
FZ60Z,Diagnostic Endoscopic Procedures on the Upper GI Tract 19 years and over
FZ61Z,Diagnostic Endoscopic Procedures on the Upper GI Tract with biopsy 19 years and over
FZ62Z,Diagnostic and Intermediate Procedures on the Upper GI Tract 18 years and under
FZ63Z,Combined Upper and Lower GI Tract Diagnostic Endoscopic Procedures
FZ64Z,Combined Upper and Lower GI Tract Diagnostic Endoscopic Procedures with biopsy
FZ65Z,Combined Upper and Lower GI Tract Therapeutic Endoscopic Procedures
FZ66A,Very Major Small Intestine Procedures 19 years and over with CC
FZ66B,Very Major Small Intestine Procedures 19 years and over without CC
FZ67A,Major Small Intestine Procedures 19 years and over with CC
FZ67B,Major Small Intestine Procedures 19 years and over without CC
FZ68A,Very Major and Major Small Intestine Procedures 18 years and under with CC
FZ68B,Very Major and Major Small Intestine Procedures 18 years and under without CC
GA01A,Hepatobiliary Transplant 1 year and under
GA01B,Hepatobiliary Transplant 2 to 17 years
GA01C,Hepatobiliary Transplant 18 years and over
GA03A,Hepatobiliary Procedures category 7 with CC
GA03B,Hepatobiliary Procedures category 7 without CC
GA04A,Hepatobiliary Procedures category 6 with CC
GA04B,Hepatobiliary Procedures category 6 without CC
GA05A,Hepatobiliary Procedures category 5 with CC
GA05B,Hepatobiliary Procedures category 5 without CC
GA06A,Hepatobiliary Procedures category 4 with CC
GA06B,Hepatobiliary Procedures category 4 without CC
GA07A,Hepatobiliary Procedures category 3 with CC
GA07B,Hepatobiliary Procedures category 3 without CC
GA10C,Open Cholecystectomy without CC
GA10D,Laparoscopic Cholecystectomy with length of stay 1 day or more without CC
GA10E,Laparoscopic Cholecystectomy with length of stay 0 days without CC
GA10F,Open or Laparoscopic Cholecystectomy with CC
GA11Z,Pancreatic Necrosectomy
GA12Z,Multi-Organ and Multiple Transplants
GA13A,Hepatobiliary Procedures category 1 or 2 with CC
GA13B,Hepatobiliary Procedures category 1 or 2 without CC
GB01Z,Endoscopic/Radiology category 4
GB02A,Endoscopic/Radiology category 3 with Major CC
GB02B,Endoscopic/Radiology category 3 with Intermediate CC
GB02C,Endoscopic/Radiology category 3 without CC
GB03A,Endoscopic/Radiology category 2 with CC
GB03B,Endoscopic/Radiology category 2 without CC
GB04Z,Endoscopic/Radiology category 1
GB05A,Endoscopic Retrograde Cholangiopancreatography category 3 with CC
GB05B,Endoscopic Retrograde Cholangiopancreatography category 3 without CC
GB06A,Endoscopic Retrograde Cholangiopancreatography category 2 with length of stay 3 days or more with Major CC
GB06B,Endoscopic Retrograde Cholangiopancreatography category 2 with length of stay 3 days or more with Intermediate CC
GB06C,Endoscopic Retrograde Cholangiopancreatography category 2 with length of stay 3 days or more without CC
GB06D,Endoscopic Retrograde Cholangiopancreatography category 2 with length of stay 2 days or less
GB07A,Endoscopic Retrograde Cholangiopancreatography category 1 with length of stay 3 days or more with CC
GB07B,Endoscopic Retrograde Cholangiopancreatography category 1 with length of stay 3 days or more without CC
GB07C,Endoscopic Retrograde Cholangiopancreatography category 1 with length of stay 2 days or less
GC01A,Liver Failure Disorders with Interventions
GC01B,Liver Failure Disorders without Interventions
GC12A,Malignant Liver and Pancreatic Disorders with length of stay 2 days or more
GC12B,Malignant Liver and Pancreatic Disorders with length of stay 1 day or less
GC15A,Non-Malignant Liver Disorders with Catastrophic CCs
GC15B,Non-Malignant Liver Disorders with Severe CCs
GC15C,Non-Malignant Liver Disorders with Major CCs
GC15D,Non-Malignant Liver Disorders without Major CCs
GC16A,Non-Malignant Pancreatic and Biliary Disorders with Catastrophic CCs
GC16B,Non-Malignant Pancreatic and Biliary Disorders with Severe CCs
GC16C,Non-Malignant Pancreatic and Biliary Disorders with Major CCs
GC16D,Non-Malignant Pancreatic and Biliary Disorders without Major CCs
HA11A,Major Hip Procedures Category 2 for Trauma with Major CC
HA11B,Major Hip Procedures Category 2 for Trauma with Intermediate CC
HA11C,Major Hip Procedures Category 2 for Trauma without CC
HA12B,Major Hip Procedures Category 1 for Trauma with CC
HA12C,Major Hip Procedures Category 1 for Trauma without CC
HA13A,Intermediate Hip Procedures for Trauma with Major CC
HA13B,Intermediate Hip Procedures for Trauma with Intermediate CC
HA13C,Intermediate Hip Procedures for Trauma without CC
HA14A,Minor Hip Procedures for Trauma with Major CC
HA14B,Minor Hip Procedures for Trauma with Intermediate CC
HA14C,Minor Hip Procedures for Trauma without CC
HA21B,Major Knee Procedures Category 2 for Trauma with CC
HA21C,Major Knee Procedures Category 2 for Trauma without CC
HA22B,Major Knee Procedures Category 1 for Trauma with CC
HA22C,Major Knee Procedures Category 1 for Trauma without CC
HA23B,Intermediate Knee Procedures Category 2 for Trauma with CC
HA23C,Intermediate Knee Procedures Category 2 for Trauma without CC
HA24Z,Intermediate Knee Procedures Category 1 for Trauma
HA25B,Minor Knee Procedures Category 2 for Trauma with CC
HA25C,Minor Knee Procedures Category 2 for Trauma without CC
HA26B,Minor Knee Procedures Category 1 for Trauma with CC
HA26C,Minor Knee Procedures Category 1 for Trauma without CC
HA31B,Major Foot Procedures for Trauma with CC
HA31C,Major Foot Procedures for Trauma without CC
HA32Z,Intermediate Foot Procedures for Trauma Category 2
HA33Z,Intermediate Foot Procedures for Trauma Category 1
HA34Z,Minor Foot Procedures for Trauma Category 2
HA35Z,Minor Foot Procedures for Trauma Category 1
HA51Z,Major Hand Procedures for Trauma Category 2
HA52Z,Major Hand Procedures for Trauma Category 1
HA53Z,Intermediate Hand Procedures for Trauma Category 2
HA54Z,Intermediate Hand Procedures for Trauma Category 1
HA55Z,Minor Hand Procedures for Trauma Level Category 2
HA56A,Minor Hand Procedures for Trauma Level Category 1 19 years and over
HA56B,Minor Hand Procedures for Trauma Level Category 1 18 years and under
HA61B,Major Shoulder and Upper Arm Procedures for Trauma with CC
HA61C,Major Shoulder and Upper Arm Procedures for Trauma without CC
HA62Z,Intermediate Shoulder and Upper Arm Procedures for Trauma
HA63Z,Minor Shoulder and Upper Arm Procedures for Trauma
HA71B,Major Elbow and Lower Arm Procedures for Trauma with CC
HA71C,Major Elbow and Lower Arm Procedures for Trauma without CC
HA72Z,Intermediate Elbow and Lower Arm Procedures for Trauma
HA73B,Minor Elbow and Lower Arm Procedures for Trauma 18 years and under
HA73C,Minor Elbow and Lower Arm Procedures for Trauma 19 years and over
HA81A,"Sprains, Strains, or Minor Open Wounds with Major CC"
HA81B,"Sprains, Strains, or Minor Open Wounds with CC"
HA81C,"Sprains, Strains, or Minor Open Wounds without CC"
HA82A,"Major Cranial, Visceral or Blood Vessel Injury with Major CC"
HA82B,"Major Cranial, Visceral or Blood Vessel Injury with CC"
HA82C,"Major Cranial, Visceral or Blood Vessel Injury without CC"
HA83A,Head Injury with Major CC
HA83B,Head Injury with CC
HA83C,Head Injury without CC
HA91Z,Hip Trauma Diagnosis without Procedure
HA92Z,Knee Trauma Diagnosis without Procedure
HA93Z,Foot Trauma Diagnosis without Procedure
HA94Z,Arm Trauma Diagnosis without Procedure
HA95Z,Hand Trauma Diagnosis without Procedure
HA96Z,Multiple Trauma Diagnoses without Procedure
HA97Z,Other Trauma Diagnosis without Procedure
HA99Z,Other Procedures for Trauma
HB11A,Major Hip Procedures for non Trauma Category 2 with Major CC
HB11B,Major Hip Procedures for non Trauma Category 2 with CC
HB11C,Major Hip Procedures for non Trauma Category 2 without CC
HB12A,Major Hip Procedures for non Trauma Category 1 with Major CC
HB12B,Major Hip Procedures for non Trauma Category 1 with CC
HB12C,Major Hip Procedures for non Trauma Category 1 without CC
HB13Z,Intermediate Hip Procedures for non Trauma Category 2
HB14B,Intermediate Hip Procedures for non Trauma Category 1 with CC
HB14C,Intermediate Hip Procedures for non Trauma Category 1 without CC
HB15D,Minor Hip Procedures for non Trauma Category 2 19 years and over with CC
HB15E,Minor Hip Procedures for non Trauma Category 2 19 years and over without CC
HB15F,Minor Hip Procedures for non Trauma Category 2 18 years and under with CC
HB15G,Minor Hip Procedures for non Trauma Category 2 18 years and under without CC
HB16B,Minor Hip Procedures for non Trauma Category 1 with CC
HB16C,Minor Hip Procedures for non Trauma Category 1 without CC
HB21A,Major Knee Procedures for non Trauma Category 2 with Major CC
HB21B,Major Knee Procedures for non Trauma Category 2 with CC
HB21C,Major Knee Procedures for non Trauma Category 2 without CC
HB22B,Major Knee Procedures for non Trauma Category 1 with CC
HB22C,Major Knee Procedures for non Trauma Category 1 without CC
HB23B,Intermediate Knee Procedures for non Trauma with CC
HB23C,Intermediate Knee Procedures for non Trauma without CC
HB24B,Minor Knee Procedures for non Trauma Category 2 with CC
HB24C,Minor Knee Procedures for non Trauma Category 2 without CC
HB25D,Minor Knee Procedures for non Trauma Category 1 19 years and over with Major CC
HB25E,Minor Knee Procedures for non Trauma Category 1 19 years and over with CC
HB25F,Minor Knee Procedures for non Trauma Category 1 19 years and over without CC
HB25G,Minor Knee Procedures for non Trauma Category 1 18 years and under with Major CC
HB25H,Minor Knee Procedures for non Trauma Category 1 18 years and under with CC
HB25J,Minor Knee Procedures for non Trauma Category 1 18 years and under without CC
HB31Z,Major Foot Procedures for non -Trauma
HB32A,Intermediate Foot Procedures for non -Trauma Category 2 19 years and over
HB32B,Intermediate Foot Procedures for non -Trauma Category 2 18 years and under
HB33D,Intermediate Foot Procedures for Non -Trauma Category 1 19 years and over with CC
HB33E,Intermediate Foot Procedures for Non -Trauma Category 1 19 years and over without CC
HB33F,Intermediate Foot Procedures for Non -Trauma Category 1 18 years and under with CC
HB33G,Intermediate Foot Procedures for Non -Trauma Category 1 18 years and under without CC
HB34D,Minor Foot Procedures for Non -Trauma Category 2 19 years and over with CC
HB34E,Minor Foot Procedures for Non -Trauma Category 2 19 years and over without CC
HB34F,Minor Foot Procedures for Non -Trauma Category 2 18 years and under with CC
HB34G,Minor Foot Procedures for Non -Trauma Category 2 18 years and under without CC
HB35B,Minor Foot Procedures for Non -Trauma Category 1 with CC
HB35C,Minor Foot Procedures for Non -Trauma Category 1 without CC
HB51Z,Major Hand Procedures for non Trauma Category 2
HB52B,Major Hand Procedures for non Trauma Category 1 with CC
HB52C,Major Hand Procedures for non Trauma Category 1 without CC
HB53Z,Intermediate Hand Procedures for non Trauma Category 2
HB54B,Intermediate Hand Procedures for non Trauma Category 1 with CC
HB54C,Intermediate Hand Procedures for non Trauma Category 1 without CC
HB55B,Minor Hand Procedures for non Trauma Category 2 with CC
HB55C,Minor Hand Procedures for non Trauma Category 2 without CC
HB56B,Minor Hand Procedures for non Trauma Category 1 with CC
HB56C,Minor Hand Procedures for non Trauma Category 1 without CC
HB61B,Major Shoulder and Upper Arm Procedures for non Trauma with CC
HB61C,Major Shoulder and Upper Arm Procedures for non Trauma without CC
HB62B,Intermediate Shoulder and Upper Arm Procedures for non Trauma with CC
HB62C,Intermediate Shoulder and Upper Arm Procedures for non Trauma without CC
HB63Z,Minor Shoulder and Upper Arm Procedures for non Trauma
HB71B,Major Elbow and Lower Arm Procedures for non Trauma with CC
HB71C,Major Elbow and Lower Arm Procedures for non Trauma without CC
HB72Z,Intermediate Elbow and Lower Arm Procedures for non Trauma
HB73Z,Minor Elbow and Lower Arm Procedures for non Trauma
HB91Z,Other non Trauma Diagnosis without Procedure
HB99Z,Other Procedures for non Trauma
HC01Z,Extradural Spine Major 2
HC02B,Extradural Spine Major 1 with CC
HC02C,Extradural Spine Major 1 without CC
HC03B,Extradural Spine Intermediate 2 with CC
HC03C,Extradural Spine Intermediate 2 without CC
HC04B,Extradural Spine Intermediate 1 with CC
HC04C,Extradural Spine Intermediate 1 without CC
HC05B,Extradural Spine Minor 2 with CC
HC05C,Extradural Spine Minor 2 without CC
HC06B,Extradural Spine Minor 1 with CC
HC06C,Extradural Spine Minor 1 without CC
HC07Z,Intradural Spine Major 2
HC08Z,Intradural Spine Major 1
HC09Z,Intradural Spine Intermediate 2
HC10Z,Intradural Spine Intermediate 1
HC11Z,Intradural Spine Minor 2
HC12Z,Intradural Spine Minor 1
HC20B,Vertebral Column Injury without Procedure with CC
HC20C,Vertebral Column Injury without Procedure without CC
HC21B,Spinal Cord Injury without Procedure with CC
HC21C,Spinal Cord Injury without Procedure without CC
HC26B,Scoliosis or Other Spinal Deformity with CC
HC26C,Scoliosis or Other Spinal Deformity without CC
HC27B,Degenerative Spinal Conditions with CC
HC27C,Degenerative Spinal Conditions without CC
HC28B,Spinal Cord Conditions with CC
HC28C,Spinal Cord Conditions without CC
HC29B,Inflammatory Spinal Conditions with CC
HC29C,Inflammatory Spinal Conditions without CC
HC30B,Spinal Tumours with CC
HC30C,Spinal Tumours without CC
HC31B,Spinal Infection with CC
HC31C,Spinal Infection without CC
HD21A,Soft Tissue Disorders with Major CC
HD21B,Soft Tissue Disorders with CC
HD21C,Soft Tissue Disorders without CC
HD23A,"Inflammatory Spine, Joint or Connective Tissue Disorders with Major CC"
HD23B,"Inflammatory Spine, Joint or Connective Tissue Disorders with CC"
HD23C,"Inflammatory Spine, Joint or Connective Tissue Disorders without CC"
HD24A,Non-Inflammatory Bone or Joint Disorders with Major CC
HD24B,Non-Inflammatory Bone or Joint Disorders with CC
HD24C,Non-Inflammatory Bone or Joint Disorders without CC
HD25A,Infections of Bones or Joints with Major CC
HD25B,Infections of Bones or Joints with CC
HD25C,Infections of Bones or Joints without CC
HD26A,Musculoskeletal Signs and Symptoms with Major CC
HD26B,Musculoskeletal Signs and Symptoms with CC
HD26C,Musculoskeletal Signs and Symptoms without CC
HD39A,Pathological Fractures with Major CC
HD39B,Pathological Fractures with CC
HD39C,Pathological Fractures without CC
HD40A,Malignancy of Bone and Connective Tissue with Major CC
HD40B,Malignancy of Bone and Connective Tissue with CC
HD40C,Malignancy of Bone and Connective Tissue without CC
HR01B,Reconstruction Procedures Category 6 with CC
HR01C,Reconstruction Procedures Category 6 without CC
HR02Z,Reconstruction Procedures Category 5
HR03Z,Reconstruction Procedures Category 4
HR04B,Reconstruction Procedures Category 3 with CC
HR04C,Reconstruction Procedures Category 3 without CC
HR05Z,Reconstruction Procedures Category 2
HR06A,Reconstruction Procedures Category 1 19 years and over
HR06B,Reconstruction Procedures Category 1 18 years and under
JA03Z,Pedicled TRAM Reconstruction of Breast
JA05A,Unilateral Pedicled Myocutaneous Breast Reconstruction with or without Insertion of Prosthesis
JA05B,Bilateral Pedicled Myocutaneous Breast Reconstruction with or without Insertion of Prosthesis
JA06Z,Major Breast Procedures category 3
JA07D,Unilateral Major Breast Procedures category 2 with Major CC
JA07E,Unilateral Major Breast Procedures category 2 with Intermediate CC
JA07F,Unilateral Major Breast Procedures category 2 without CC
JA07G,Bilateral Major Breast Procedures category 2 with CC
JA07H,Bilateral Major Breast Procedures category 2 without CC
JA08A,Unilateral Major Breast Procedures category 1
JA08B,Bilateral Major Breast Procedures category 1
JA09E,Unilateral Intermediate Breast Procedures with Major CC
JA09F,Unilateral Intermediate Breast Procedures with Intermediate CC
JA09G,Unilateral Intermediate Breast Procedures without CC
JA09H,Bilateral Intermediate Breast Procedures
JA12A,Malignant Breast Disorders with Major CC
JA12B,Malignant Breast Disorders with Intermediate CC
JA12C,Malignant Breast Disorders without CC
JA13Z,Non-Malignant Breast Disorders
JA14Z,Free Perforator Flap Breast Reconstruction
JA15D,Unilateral Minor Breast Procedures with Major CC
JA15E,Unilateral Minor Breast Procedures with Intermediate CC
JA15F,Unilateral Minor Breast Procedures without CC
JA15G,Bilateral Minor Breast Procedures
JA16Z,Mastectomy with Breast Reconstruction
JB01A,"Major Burn, Third degree or more than 19% TBSA or Affecting Multiple Body Regions with Significant Graft"
JB01B,"Major Burn, third degree or more than 19% TBSA or Affecting Multiple Body Regions, transferred in 2 days or less"
JB01C,"Major Burn, third degree or more than 19% TBSA or Affecting Multiple Body Regions without Significant Graft"
JB11A,Other Burn with Multiple Significant Graft Procedures with Major CC
JB11B,Other Burn with Multiple Significant Graft Procedures without Major CC
JB12A,Other Burn with One Significant Graft Procedure with Major CC
JB12B,Other Burn with One Significant Graft Procedure without Major CC
JB13A,Other Burn with Other Procedure with Major CC
JB13B,Other Burn with Other Procedure without Major CC
JB21A,Other Burn without Other Procedure with Major CC
JB21B,Other Burn without Other Procedure without Major CC
JC01A,Major Multiple Skin Procedures with Major CC
JC01B,Major Multiple Skin Procedures with Intermediate CC
JC01C,Major Multiple Skin Procedures without CC
JC02A,Major Skin Procedures category 2 with Major CC
JC02B,Major Skin Procedures category 2 with Intermediate CC
JC02C,Major Skin Procedures category 2 without CC
JC03A,Major Skin Procedures category 1 with Major CC
JC03B,Major Skin Procedures category 1 with Intermediate CC
JC03C,Major Skin Procedures category 1 without CC
JC04A,Intermediate Skin Procedures category 2 with Major CC
JC04B,Intermediate Skin Procedures category 2 with Intermediate CC
JC04C,Intermediate Skin Procedures category 2 without CC
JC05A,Intermediate Skin Procedures category 1 with Major CC
JC05B,Intermediate Skin Procedures category 1 with Intermediate CC
JC05C,Intermediate Skin Procedures category 1 without CC
JC06A,Minor Skin Procedures category 2 with Major CC
JC06B,Minor Skin Procedures category 2 with Intermediate CC
JC06C,Minor Skin Procedures category 2 without CC
JC07Z,Minor Skin Procedures category 1
JC09Z,Patch Tests
JC10Z,Specified Skin Examinations and Investigations
JC11Z,Other Diagnostic Skin Tests
JC12Z,Urticaria tests
JC13Z,Photo Tests
JC14Z,Skin Therapies level 2
JC15Z,Skin Therapies level 3
JC16Z,Skin Therapies level 4
JC17Z,Skin Therapies level 5
JC18Z,Electrical and other invasive therapy 2
JC19D,Electrical and other invasive therapy 4 - 19 years and over
JC19U,Electrical and other invasive therapy 4 - 18 years and under
JC20Z,Electrical and other invasive therapy 3
JC27Z,Nursing Procedures & Dressings 1
JC29Z,Phototherapy
JC30Z,Minor Laser Therapy
JC32Z,Photochemotherapy
JD01A,Major Skin disorders category 2 with Major CC
JD01B,Major Skin disorders category 2 with Intermediate CC
JD01C,Major Skin disorders category 2 without CC
JD02A,Major Skin disorders category 1 with Major CC
JD02B,Major Skin disorders category 1 with Intermediate CC
JD02C,Major Skin disorders category 1 without CC
JD03A,Intermediate Skin disorders category 2 with Major CC
JD03B,Intermediate Skin disorders category 2 with Intermediate CC
JD03C,Intermediate Skin disorders category 2 without CC
JD04A,Intermediate Skin disorders category 1 with Major CC
JD04B,Intermediate Skin disorders category 1 with Intermediate CC
JD04C,Intermediate Skin disorders category 1 without CC
JD05A,Minor Skin disorders category 2 with Major CC
JD05B,Minor Skin disorders category 2 with Intermediate CC
JD05C,Minor Skin disorders category 2 without CC
JD06A,Minor Skin disorders category 1 with CC
JD06B,Minor Skin disorders category 1 without CC
KA03A,Parathyroid Procedures with CC
KA03B,Parathyroid Procedures without CC
KA04Z,Adrenal Procedures
KA05A,Anterior Pituitary Disorders with CC
KA05B,Anterior Pituitary Disorders without CC
KA06A,Non Pituitary Neoplasia and Hypoplasia with CC
KA06B,Non Pituitary Neoplasia and Hypoplasia without CC
KA07Z,Non-Surgical Thyroid Disorders
KA08Z,Other Endocrine Disorders
KA09A,Thyroid Procedures with CC
KA09B,Thyroid Procedures without CC
KB01A,Diabetes with Hypoglycaemic Disorders 70 years and over
KB01B,Diabetes with Hypoglycaemic Disorders 69 years and under
KB02A,Diabetes with Hyperglycaemic Disorders 70 years and over with Major CC
KB02B,Diabetes with Hyperglycaemic Disorders 70 years and over with Intermediate CC
KB02C,Diabetes with Hyperglycaemic Disorders 70 years and over without CC
KB02D,Diabetes with Hyperglycaemic Disorders 69 years and under with Major CC
KB02E,Diabetes with Hyperglycaemic Disorders 69 years and under with Intermediate CC
KB02F,Diabetes with Hyperglycaemic Disorders 69 years and under without CC
KB03A,Diabetes with Lower Limb Complications with Major CC
KB03B,Diabetes with Lower Limb Complications without Major CC
KC04Z,Inborn Errors of Metabolism
KC05A,Fluid and Electrolyte Disorders 70 years and over with Major CC
KC05B,Fluid and Electrolyte Disorders 70 years and over with Intermediate CC
KC05C,Fluid and Electrolyte Disorders 70 years and over without CC
KC05D,Fluid and Electrolyte Disorders 69 years and under with Major CC
KC05E,Fluid and Electrolyte Disorders 69 years and under with Intermediate CC
KC05F,Fluid and Electrolyte Disorders 69 years and under without CC
LA01A,Kidney Transplant 19 years and over from Cadaver non-Heart beating donor
LA01B,Kidney Transplant 18 years and under from Cadaver non-Heart beating donor
LA02A,Kidney Transplant 19 years and over from Cadaver Heart beating donor
LA02B,Kidney Transplant 18 years and under from Cadaver Heart beating donor
LA03A,Kidney Transplant 19 years and over from Live donor
LA03B,Kidney Transplant 18 years and under from Live donor
LA04D,Kidney or Urinary Tract Infections with length of stay 2 days or more with Major CC
LA04E,Kidney or Urinary Tract Infections with length of stay 2 days or more with Intermediate CC
LA04F,Kidney or Urinary Tract Infections with length of stay 2 days or more without CC
LA04G,Kidney or Urinary Tract Infections with length of stay less 1 day or less
LA05Z,Renal Replacement Peritoneal Dialysis Associated Procedures
LA07C,Acute Kidney Injury without CC
LA07D,Acute Kidney Injury with Major CC with Interventions
LA07E,Acute Kidney Injury with Major CC without Interventions
LA07F,Acute Kidney Injury with Intermediate CC with Interventions
LA07G,Acute Kidney Injury with Intermediate CC without Interventions
LA08A,Chronic Kidney Disease with length of stay 2 days or more with Major CC
LA08B,Chronic Kidney Disease with length of stay 2 days or more with Intermediate CC
LA08C,Chronic Kidney Disease with length of stay 2 days or more without CC
LA08E,Chronic Kidney Disease with length of stay 1 day or less associated with Renal Dialysis
LA08F,Chronic Kidney Disease with length of stay 1 day or less not associated with Renal Dialysis
LA09E,General Renal Disorders with length of stay 2 days or more with Major CC
LA09F,General Renal Disorders with length of stay 2 days or more with Intermediate CC
LA09G,General Renal Disorders with length of stay 2 days or more without CC
LA09H,General Renal Disorders with length of stay 1 day or less
LA10Z,Live Kidney donor screening
LA11Z,Kidney pre-transplantation work-up of live donor
LA12A,Kidney pre-transplantation work-up of recipient 19 years and over
LA12B,Kidney pre-transplantation work-up of recipient 18 years and under
LA13A,Examination for post-transplantation of Kidney of recipient 19 years and over
LA13B,Examination for post-transplantation of Kidney of recipient 18 years and under
LA14Z,Examination for post-transplantation of Kidney of live donor
LB01A,Percutaneous Nephrostomy with CC
LB01B,Percutaneous Nephrostomy without CC
LB02A,Kidney Major Open Procedure 19 years and over with Major CC
LB02B,Kidney Major Open Procedure 19 years and over with Intermediate CC
LB02C,Kidney Major Open Procedure 19 years and over without CC
LB02D,Kidney Major Open Procedure 18 years and under
LB03Z,Laparoscopic Operations on Kidney and Ureter
LB04A,Kidney Major Endoscopic Procedure with CC
LB04B,Kidney Major Endoscopic Procedure without CC
LB05A,"Kidney Intermediate, Endoscopic and Percutaneous Interventions 19 years and over with Major CC"
LB05B,"Kidney Intermediate, Endoscopic and Percutaneous Interventions 19 years and over with Intermediate CC"
LB05C,"Kidney Intermediate, Endoscopic and Percutaneous Interventions 19 years and over without CC"
LB05D,"Kidney Intermediate, Endoscopic and Percutaneous Interventions 18 years and under"
LB06D,"Kidney, Urinary Tract and Prostate Neoplasms with length of stay 2 days or more with Major CC"
LB06E,"Kidney, Urinary Tract and Prostate Neoplasms with length of stay 2 days or more with Intermediate CC"
LB06F,"Kidney, Urinary Tract and Prostate Neoplasms with length of stay 2 days or more without CC"
LB06G,"Kidney, Urinary Tract and Prostate Neoplasms with length of stay 1 day or less"
LB07Z,Ureter Open Procedure
LB08A,Ureter Major Endoscopic Procedures with CC
LB08B,Ureter Major Endoscopic Procedures without CC
LB09Z,Ureter Intermediate Endoscopic Procedures
LB10Z,Bladder Major Open Procedures / Reconstruction
LB11A,Urinary Diversion without Cystectomy with Malignancy
LB11B,Urinary Diversion without Cystectomy without Malignancy
LB12Z,Bladder Intermediate Open Procedure
LB13A,Bladder Major Endoscopic Procedure with CC
LB13B,Bladder Major Endoscopic Procedure without CC
LB14D,Bladder Intermediate Endoscopic Procedure 18 years and under
LB14E,Bladder Intermediate Endoscopic Procedure 19 years and over
LB15D,Bladder Minor Procedure 18 years and under
LB15E,Bladder Minor Procedure 19 years and over
LB16A,Urinary Incontinence and Other Urinary Problems with Major CC
LB16B,Urinary Incontinence and Other Urinary Problems with Intermediate CC
LB16C,Urinary Incontinence and Other Urinary Problems without CC
LB17Z,Introduction of Therapeutic Substance into Bladder
LB18Z,Attention to Suprapubic Bladder Catheter
LB19A,Ureteric / Bladder Disorders with CC
LB19B,Ureteric / Bladder Disorders without CC
LB20A,"Infection and Mechanical Problems Related to Genito-Urinary Prostheses, Implants and Grafts with CC"
LB20B,"Infection and Mechanical Problems Related to Genito-Urinary Prostheses, Implants and Grafts without CC"
LB21Z,Bladder Neck Open Procedures - Male
LB22Z,Laparoscopic Bladder Neck Procedures - Male
LB25A,Prostate Transurethral Resection Procedure with Major CC
LB25B,Prostate Transurethral Resection Procedure with Intermediate CC
LB25C,Prostate Transurethral Resection Procedure without CC
LB26Z,Prostate or Bladder Neck Intermediate Endoscopic Procedure - Male and Female
LB27Z,Prostate or Bladder Neck Minor Endoscopic Procedure - Male
LB28A,Non-Malignant Prostate Disorders with CC
LB28B,Non-Malignant Prostate Disorders without CC
LB29A,Urethra Major Open Procedures 19 years and over
LB29B,Urethra Major Open Procedures 18 years and under
LB33Z,Vasectomy Procedures
LB35A,"Scrotum, Testis or Vas Deferens Disorders with CC"
LB35B,"Scrotum, Testis or Vas Deferens Disorders without CC"
LB36Z,Extracorporeal Lithotripsy
LB37A,Miscellaneous Urinary Tract Findings with CC
LB37B,Miscellaneous Urinary Tract Findings without CC
LB38A,Unspecified Haematuria with Major CC
LB38B,Unspecified Haematuria without Major CC
LB39A,Cystectomy with Urinary Diversion and Reconstruction with CC
LB39B,Cystectomy with Urinary Diversion and Reconstruction without CC
LB40A,Urinary Tract Stone Disease with CC
LB40B,Urinary Tract Stone Disease without CC
LB42Z,Dynamic Studies of Urinary Tract
LB43Z,Treatment of Erectile Dysfunction
LB46Z,Live Donation of Kidney
LB47Z,Penis Major Open Procedures
LB48Z,Penis Intermediate Open Procedures
LB49Z,High Intensity Focused Ultrasound  - Male and Female
LB50Z,Implantation of Artificial Urinary Sphincter  - Male and Female
LB51Z,Vaginal Tape Operations for Urinary Incontinence
LB52Z,"Scrotum, Testis or Vas Deferens Major Open Procedures"
LB53Z,"Scrotum, Testis or Vas Deferens Intermediate Open Procedures"
LB54A,"Scrotum, Testis or Vas Deferens Minor Procedures 19 years and over"
LB54B,"Scrotum, Testis or Vas Deferens Minor Procedures 18 years and under"
LB55A,Urethra Intermediate / Minor Procedures 19 years and over
LB55B,Urethra Intermediate / Minor Procedures 18 years and under
LB56A,Penis Minor Procedures 19 years and over
LB56B,Penis Minor Procedures 18 years and under
LB57A,Urethral Disorders with CC
LB57B,Urethral Disorders without CC
LB58A,Penile Disorders with CC
LB58B,Penile Disorders without CC
LB59Z,Bladder Neck Open and Laparoscopic Procedures - Female
LD01A,Hospital Haemodialysis/Filtration with access via haemodialysis catheter 19 years and over
LD01B,Hospital Haemodialysis/Filtration with access via haemodialysis catheter 18 years and under
LD02A,Hospital Haemodialysis/Filtration with access via arteriovenous fistula or graft 19 years and over
LD02B,Hospital Haemodialysis/Filtration with access via arteriovenous fistula or graft 18 years and under
LD03A,Hospital Haemodialysis/Filtration with access via haemodialysis catheter with blood borne virus 19 years and over
LD03B,Hospital Haemodialysis/Filtration with access via haemodialysis catheter with blood borne virus 18 years and under
LD04A,Hospital Haemodialysis/Filtration with access via arteriovenous fistula or graft with blood borne virus 19 years and over
LD04B,Hospital Haemodialysis/Filtration with access via arteriovenous fistula or graft with blood borne virus 18 years and under
LD05A,Satellite Haemodialysis/Filtration with access via haemodialysis catheter 19 years and over
LD05B,Satellite Haemodialysis/Filtration with access via haemodialysis catheter 18 years and under
LD06A,Satellite Haemodialysis/Filtration with access via arteriovenous fistula or graft 19 years and over
LD06B,Satellite Haemodialysis/Filtration with access via arteriovenous fistula or graft 18 years and under
LD07A,Satellite Haemodialysis/Filtration with access via haemodialysis catheter with blood borne virus 19 years and over
LD07B,Satellite Haemodialysis/Filtration with access via haemodialysis catheter with blood borne virus 18 years and under
LD08A,Satellite Haemodialysis/Filtration with access via arteriovenous fistula or graft with blood borne virus 19 years and over
LD08B,Satellite Haemodialysis/Filtration with access via arteriovenous fistula or graft with blood borne virus 18 years and under
LD09A,Home Haemodialysis/Filtration with access via haemodialysis catheter 19 years and over
LD09B,Home Haemodialysis/Filtration with access via haemodialysis catheter 18 years and under
LD10A,Home Haemodialysis/Filtration with access via arteriovenous fistula or graft 19 years and over
LD10B,Home Haemodialysis/Filtration with access via arteriovenous fistula or graft 18 years and under
LD11A,Continuous Ambulatory Peritoneal Dialysis 19 years and over
LD11B,Continuous Ambulatory Peritoneal Dialysis 18 years and under
LD12A,Automated Peritoneal Dialysis 19 years and over
LD12B,Automated Peritoneal Dialysis 18 years and under
MA01Z,Lower and Upper Genital Tract Very Complex Major Procedures
MA02Z,Lower and Upper Genital Tract Complex Major Procedures
MA03A,Lower Genital Tract Major Procedures with CC
MA03B,Lower Genital Tract Major Procedures without CC
MA04A,Lower Genital Tract Intermediate Procedures with CC
MA04B,Lower Genital Tract Intermediate Procedures without CC
MA06Z,Open Major Upper and Lower Genital Tract Procedures with malignancy
MA07C,Upper Genital Tract Major Procedures with Major CC
MA07D,Upper Genital Tract Major Procedures without Major CC
MA08Z,Upper Genital Tract Laparoscopic / Endoscopic Major Procedures
MA09Z,Upper Genital Tract Laparoscopic / Endoscopic Intermediate Procedures
MA10Z,Upper Genital Tract Laparoscopic / Endoscopic Minor Procedures
MA11Z,Upper Genital Tract Intermediate Procedures
MA12Z,Resection and ablation procedures for intra-uterine lesions
MA17C,Dilation and evacuation - less than 14 weeks gestation
MA17D,Dilation and evacuation - 14 to 20 weeks gestation
MA18C,Medical Termination of Pregnancy - less than 14 weeks gestation
MA18D,Medical Termination of Pregnancy - 14 to 20 weeks gestation
MA19A,Vacuum Aspiration with Cannula - less than 14 weeks gestation
MA19B,Vacuum Aspiration with Cannula - 14 to 20 weeks gestation
MA20Z,Medical or Surgical Termination of Pregnancy - 20 weeks gestation or more
MA21Z,Diagnostic Hysteroscopy
MA22Z,Lower Genital Tract Minor Procedures - Category 1
MA23Z,Lower Genital Tract Minor Procedures - Category 2
MA24Z,Upper Genital Tract Minor Procedures - Category 1
MA25Z,Upper Genital Tract Minor Procedures - Category 2
MB01A,Lower Genital Tract Disorders with CC
MB01B,Lower Genital Tract Disorders without CC
MB02Z,Genital Prolapse or Incontinence
MB03A,"Uterus (including Fibroids) Disorders, Menstrual Disorders or Endometriosis with CC"
MB03B,"Uterus (including Fibroids) Disorders, Menstrual Disorders or Endometriosis without CC"
MB04A,"Ovary, Fallopian Tube or Pelvic Disorders with CC"
MB04B,"Ovary, Fallopian Tube or Pelvic Disorders without CC"
MB05A,Gynaecological Malignancy with length of stay 1 day or more
MB05B,Gynaecological Malignancy with length of stay 0 days
MB06Z,Other Gynaecological Conditions
MB07Z,Gynaecological Fistula Conditions
MB08Z,Threatened or Spontaneous Miscarriage
MC06Z,Collection of Sperm
MC07Z,Intra-uterine insemination with super ovulation
MC08Z,Intra-uterine insemination with super ovulation with donor
MC09Z,Intra-uterine insemination without super ovulation
MC10Z,Intra-uterine insemination without super ovulation with donor
MC11Z,Implantation of Embryo
MC12Z,Oocyte Recovery
MC13Z,Donor Oocyte Recovery
MC14Z,Oocyte Recovery with Intracytoplasmic Sperm Injection
MC15Z,Oocyte Recovery with Pre-Implantation Genetic Diagnosis
NZ04C,Ante-natal or Post-natal Observation age between 16 and 40 years with length of stay 0 days
NZ04D,Ante-natal or Post-natal Observation age under 16 or over 40 years with length of stay 0 days
NZ05C,Ante-natal or Post-natal Investigation age between 16 and 40 years with length of stay 0 days
NZ05D,Ante-natal or Post-natal Investigation age under 16 or over 40 years with length of stay 0 days
NZ06Z,Ante-natal or Post-natal Full Investigation with length of stay 0 days
NZ07C,Ante-natal or Post-natal Observation age between 16 and 40 years with length of stay 1 day or more
NZ07D,Ante-natal or Post-natal Observation age under 16 or over 40 years with length of stay 1 day or more
NZ08C,Ante-natal or Post-natal Investigation age between 16 and 40 years with length of stay 1 day or more
NZ08D,Ante-natal or Post-natal Investigation age under 16 or over 40 years with length of stay 1 day or more
NZ09Z,Ante-natal or Post-natal Full Investigation with length of stay 1 day or more
NZ10Z,Diagnostic and Therapeutic Procedures on Fetus
NZ11A,Normal Delivery with CC
NZ11B,Normal Delivery without CC
NZ11C,Normal Delivery with Epidural with CC
NZ11D,Normal Delivery with Epidural without CC
NZ11E,Normal Delivery with Induction with CC
NZ11F,Normal Delivery with Induction without CC
NZ11G,Normal Delivery with Post-partum Surgical Intervention
NZ12A,Assisted Delivery with CC
NZ12B,Assisted Delivery without CC
NZ12C,Assisted Delivery with Epidural with CC
NZ12D,Assisted Delivery with Epidural without CC
NZ12E,Assisted Delivery with Induction with CC
NZ12F,Assisted Delivery with Induction without CC
NZ12G,Assisted Delivery with Post-partum Surgical Intervention
NZ13Z,Planned Lower Uterine Caesarean Section
NZ14Z,Emergency or Upper Uterine Caesarean Section
NZ15Z,"Caesarean Section with Eclampsia, Pre-eclampsia or Placenta Praevia"
PA01A,Nervous System Disorders with CC
PA01B,Nervous System Disorders without CC
PA02A,Epilepsy Syndrome with CC
PA02B,Epilepsy Syndrome without CC
PA03A,Febrile Convulsions under 1 year
PA03B,Febrile Convulsions 1 year and over
PA04A,Headaches and Migraines with CC
PA04B,Headaches and Migraines without CC
PA05A,Developmental Disorders with length of stay 1 day or less
PA05B,Developmental Disorders with length of stay between 2 and 7 days
PA05C,Developmental Disorders with length of stay 8 days or more
PA06Z,Head Injury with Intracranial Injury
PA07A,Head Injury without Intracranial Injury with CC
PA07B,Head Injury without Intracranial Injury without CC
PA08A,Intermediate Injury without Intracranial Injury with CC
PA08B,Intermediate Injury without Intracranial Injury without CC
PA11Z,Acute Upper Respiratory Tract Infection and Common Cold
PA12Z,Asthma or Wheezing
PA13C,Cystic Fibrosis with length of stay 0 days
PA13D,Cystic Fibrosis with length of stay between 1 and 7 days
PA13E,Cystic Fibrosis with length of stay between 8 and 14 days
PA13F,Cystic Fibrosis with length of stay 15 days or more
PA14C,Lower Respiratory Tract Disorders without Acute Bronchiolitis with length of stay 1 day or more with CC
PA14D,Lower Respiratory Tract Disorders without Acute Bronchiolitis with length of stay 1 day or more without CC
PA14E,Lower Respiratory Tract Disorders without Acute Bronchiolitis with length of stay 0 days
PA15A,Acute Bronchiolitis with CC
PA15B,Acute Bronchiolitis without CC
PA16A,Major Infections with CC
PA16B,Major Infections without CC
PA17A,Intermediate Infections with CC
PA17B,Intermediate Infections without CC
PA18A,Minor Infections with CC
PA18B,Minor Infections without CC
PA19A,Viral Infections with length of stay 1 day or less
PA19B,Viral Infections with length of stay 2 days or more
PA20A,Fever unspecified with CC
PA20B,Fever unspecified without CC
PA21A,Infectious and Non-Infectious Gastroenteritis with CC
PA21B,Infectious and Non-Infectious Gastroenteritis without CC
PA22Z,Chest Pain
PA23A,Cardiac Conditions with CC
PA23B,Cardiac Conditions without CC
PA24Z,Arrhythmia or Conduction Disorders
PA25A,Major Gastrointestinal or Metabolic Disorders with CC
PA25B,Major Gastrointestinal or Metabolic Disorders without CC
PA26A,Other Gastrointestinal or Metabolic Disorders with CC
PA26B,Other Gastrointestinal or Metabolic Disorders without CC
PA27Z,Inflammatory Bowel Disease
PA28A,Feeding Difficulties and Vomiting with CC
PA28B,Feeding Difficulties and Vomiting without CC
PA29Z,Abdominal Pain
PA30A,Faltering Growth (Failure to Thrive) with CC
PA30B,Faltering Growth (Failure to Thrive) without CC
PA31Z,Major Injury without Intracranial Injury
PA32A,Minor Injury without Intracranial Injury with CC
PA32B,Minor Injury without Intracranial Injury without CC
PA34A,Musculoskeletal or Connective Tissue Disorders with CC
PA34B,Musculoskeletal or Connective Tissue Disorders without CC
PA35A,Skin Disorders with CC
PA35B,Skin Disorders without CC
PA36Z,Endocrine Disorders (excluding Diabetes Mellitus)
PA38C,Renal Disease with Renal Failure with length of stay 0 days
PA38D,Renal Disease with Renal Failure with length of stay 1 day or more
PA40A,Acute Lymphoblastic Leukaemia with length of stay 1 day or more with CC
PA40B,Acute Lymphoblastic Leukaemia with length of stay 1 day or more without CC
PA41Z,Other Haematological Malignancies with length of stay 1 day or more
PA42Z,Brain Tumours with length of stay 1 day or more
PA43A,Other Neoplasms with length of stay 1 day or more with CC
PA43B,Other Neoplasms with length of stay 1 day or more without CC
PA44Z,Neoplasm diagnoses with length of stay 0 days
PA45Z,Febrile Neutropenia with Malignancy
PA46Z,Paediatric Thalassaemia
PA47Z,Sickle-cell Anaemia with Crisis
PA48A,Blood Cell Disorders with CC
PA48B,Blood Cell Disorders without CC
PA49Z,Coagulation Disorders
PA50Z,Ingestion Poisoning or Allergies
PA51Z,Child Safeguarding (welfare and protection)
PA52A,Behavioural Disorders with length of stay 1 day or less
PA52B,Behavioural Disorders with length of stay between 2 and 7 days
PA52C,Behavioural Disorders with length of stay 8 days or more
PA53A,Eating Disorders with length of stay less than 8 days
PA53B,Eating Disorders with length of stay 8 days or more
PA54Z,Convalescent or other relief care
PA55Z,Respite Care
PA56A,Paediatric admission for unexplained symptoms with CC
PA56B,Paediatric admission for unexplained symptoms without CC
PA57Z,"Examination, follow-up, special screening and other admissions with length of stay 1 day or more"
PA58Z,"Examination, follow-up, special screening and other admissions with length of stay 0 days"
PA59C,Major Congenital Conditions under 1 year with CC
PA59D,Major Congenital Conditions under 1 year without CC
PA59E,Major Congenital Conditions 1 year and over with CC
PA59F,Major Congenital Conditions 1 year and over without CC
PA60C,Other Congenital Conditions under 1 year with CC
PA60D,Other Congenital Conditions under 1 year without CC
PA60E,Other Congenital Conditions 1 year and over with CC
PA60F,Other Congenital Conditions 1 year and over without CC
PA62Z,Syncope and Collapse
PA63A,"Head, Neck and Ear Disorders with length of stay 0 days"
PA63B,"Head, Neck and Ear Disorders with length of stay 1 day or more with CC"
PA63C,"Head, Neck and Ear Disorders with length of stay 1 day or more without CC"
PA64A,Non-Surgical Ophthalmology with length of stay 0 days
PA64B,Non-Surgical Ophthalmology with length of stay 1 day or more with CC
PA64C,Non-Surgical Ophthalmology with length of stay 1 day or more without CC
PA65A,Upper Respiratory Tract Disorders with length of stay 0 days
PA65B,Upper Respiratory Tract Disorders with length of stay 1 day or more with CC
PA65C,Upper Respiratory Tract Disorders with length of stay 1 day or more without CC
PA66Z,Rash or Other Non-specific Skin Eruption
PA67Z,Diabetes Mellitus with Ketoacidosis or Coma
PA68Z,Diabetes Mellitus without Ketoacidosis or Coma
PA69Z,Nephritic and Nephrotic Renal Diseases
PA70Z,Other Renal Diseases
PB01Z,Major Neonatal Diagnoses
PB02Z,Minor Neonatal Diagnoses
PB03Z,Healthy Baby
QZ01A,Aortic or Abdominal Surgery with CC
QZ01B,Aortic or Abdominal Surgery without CC
QZ02A,Lower Limb Arterial Surgery with CC
QZ02B,Lower Limb Arterial Surgery without CC
QZ03Z,Bypasses to Tibial Arteries
QZ04Z,Extracranial or Upper Limb Arterial Surgery
QZ05A,Miscellaneous Vascular Procedures with CC
QZ05B,Miscellaneous Vascular Procedures without CC
QZ07A,Redo Bilateral Varicose Vein Procedures with CC (includes ulceration)
QZ07B,Redo Bilateral Varicose Vein Procedures without CC
QZ08A,Redo Unilateral Varicose Vein Procedures with CC (includes ulceration)
QZ08B,Redo Unilateral Varicose Vein Procedures without CC
QZ09A,Primary Bilateral Varicose Vein Procedures with CC (includes ulceration)
QZ09B,Primary Bilateral Varicose Vein Procedures without CC
QZ10A,Primary Unilateral Varicose Vein Procedures with CC (includes ulceration)
QZ10B,Primary Unilateral Varicose Vein Procedures without CC
QZ11A,Amputations with Major CC
QZ11B,Amputations without Major CC
QZ12Z,"Foot Procedures for Diabetes or Arterial Disease, and Procedures to Amputation Stumps"
QZ13A,Vascular Access for Renal Replacement Therapy with CC
QZ13B,Vascular Access for Renal Replacement Therapy without CC
QZ14A,Vascular Access except for Renal Replacement Therapy with CC
QZ14B,Vascular Access except for Renal Replacement Therapy without CC
QZ15A,Therapeutic Endovascular Procedures with Major CC
QZ15B,Therapeutic Endovascular Procedures with Intermediate CC
QZ15C,Therapeutic Endovascular Procedures without CC
QZ16A,Diagnostic Vascular Radiology and other transluminal diagnostic procedures with Major CC
QZ16B,Diagnostic Vascular Radiology and other transluminal diagnostic procedures with Intermediate CC
QZ16C,Diagnostic Vascular Radiology and other transluminal diagnostic procedures without CC
QZ17A,Non-Surgical Peripheral Vascular Disease with Major CC
QZ17B,Non-Surgical Peripheral Vascular Disease with Intermediate CC
QZ17C,Non-Surgical Peripheral Vascular Disease without CC
QZ19Z,Blood vessel injury with no significant procedure
QZ20Z,Deep Vein Thrombosis
RA01Z,"Magnetic Resonance Imaging Scan, one area, no contrast"
RA02Z,"Magnetic Resonance Imaging Scan, one area, post contrast only"
RA03Z,"Magnetic Resonance Imaging Scan, one area, pre and post contrast"
RA04Z,"Magnetic Resonance Imaging Scan, two - three areas, no contrast"
RA05Z,"Magnetic Resonance Imaging Scan, two - three areas, with contrast"
RA06Z,"Magnetic Resonance Imaging Scan, more than three areas"
RA07Z,"Magnetic Resonance Imaging Scan, requiring extensive patient repositioning and/or more than one contrast agent"
RA08Z,"Computerised Tomography Scan, one area, no contrast"
RA09Z,"Computerised Tomography Scan, one area with post contrast only"
RA10Z,"Computerised Tomography Scan, one area, pre and post contrast"
RA11Z,"Computerised Tomography Scan, two areas without contrast"
RA12Z,"Computerised Tomography Scan, two areas with contrast"
RA13Z,"Computerised Tomography Scan, three areas with contrast"
RA14Z,"Computerised Tomography Scan, more than three areas"
RA15Z,Dexa Scan
RA16Z,Contrast Fluoroscopy Procedures less than 20 mins
RA17Z,Contrast fluoroscopy Procedures 20 - 40 minutes
RA18Z,Contrast fluoroscopy Procedures more than 40 minutes
RA19Z,Mobile / Intraoperative Contrast Fluoroscopy Procedures less than 20 minutes
RA20Z,Mobile / Intraoperative Contrast Fluoroscopy Procedures 20 - 40 minutes
RA21Z,Mobile / Intraoperative Contrast Fluoroscopy Procedures more than 40 minutes
RA23Z,Ultrasound Scan less than 20 minutes
RA24Z,Ultrasound Scan more than 20 minutes
RA25Z,Ultrasound Mobile Scan / Intraoperative Procedures less than 20 minutes
RA26Z,Ultrasound Mobile Scan / Intraoperative Procedures 20 to 40 minutes
RA27Z,Ultrasound Mobile Scan / Intraoperative Procedures more than 40 minutes
RA35Z,Nuclear Medicine - category 1
RA36Z,Nuclear Medicine - category 2
RA37Z,Nuclear Medicine - category 3
RA38Z,Nuclear Medicine - category 4
RA39Z,Nuclear Medicine - category 5
RA40Z,Nuclear Medicine - category 6
RA42Z,Nuclear Medicine - category 8
RA50Z,"Computerised Tomography Scan, three areas without contrast"
RA60Z,Simple Echocardiogram
RC01Z,IR procedures - Uroradiology - Major
RC02Z,IR procedures - Uroradiology - Intermediate
RC03Z,IR procedures - Uroradiology - Minor
RC11A,"Endovascular stent-graft for ruptured abdominal aortic aneurysm, one branched stent-graft"
RC11B,"Endovascular stent-graft for ruptured abdominal aortic aneurysm, one fenestrated stent-graft"
RC11C,"Endovascular stent-graft for ruptured abdominal aortic aneurysm, one stent graft"
RC11D,"Endovascular stent-graft for ruptured abdominal aortic aneurysm, two stent grafts"
RC11E,"Endovascular stent-graft for ruptured abdominal aortic aneurysm, three or more stent grafts"
RC12A,"Infrarenal or aorto-uniiliac endovascular stent-graft for non-ruptured abdominal aortic aneurysm, one branched stent-graft"
RC12B,"Infrarenal or aorto-uniiliac endovascular stent-graft for non-ruptured abdominal aortic aneurysm, one fenestrated stent-graft"
RC12C,"Infrarenal or aorto-uniiliac endovascular stent-graft for non-ruptured abdominal aortic aneurysm, one stent graft"
RC12D,"Infrarenal or aorto-uniiliac endovascular stent-graft for non-ruptured abdominal aortic aneurysm, two stent grafts"
RC12E,"Infrarenal or aorto-uniiliac endovascular stent-graft for non-ruptured abdominal aortic aneurysm, three or more stent grafts"
RC13A,"Other endovascular stent-graft for non-ruptured abdominal aortic aneurysm, one branched stent-graft"
RC13B,"Other endovascular stent-graft for non-ruptured abdominal aortic aneurysm, one fenestrated stent-graft"
RC13C,"Other endovascular stent-graft for non-ruptured abdominal aortic aneurysm, one stent graft"
RC13D,"Other endovascular stent-graft for non-ruptured abdominal aortic aneurysm, two stent grafts"
RC13E,"Other endovascular stent-graft for non-ruptured abdominal aortic aneurysm, three or more stent grafts"
RC14Z,IR procedures - Vascular - Major
RC15Z,IR procedures - Vascular - Intermediate
RC16Z,IR procedures - Vascular - Minor
RC31Z,IR procedures - Hepatobilliary - Major
RC32Z,IR procedures - Hepatobilliary - Intermediate
RC33Z,IR procedures - Hepatobilliary - Minor
RC41Z,Interventional Radiology - Obs & Gynae - Uterine Fibroid Embolisation
RC42Z,IR procedures - Obstetrics and Gynaecology - Major
RC51Z,IR procedures - Neurology - Major
SA01D,Aplastic Anaemia with CC
SA01F,Aplastic Anaemia without CC
SA02D,Coagulation Defect with CC
SA02F,Coagulation Defect without CC
SA03D,Haemolytic Anaemia with CC
SA03F,Haemolytic Anaemia without CC
SA04D,Iron Deficiency Anaemia with CC
SA04F,Iron Deficiency Anaemia without CC
SA05D,Megaloblastic Anaemia with CC
SA05F,Megaloblastic Anaemia without CC
SA06D,Myelodysplastic Syndrome with CC
SA06F,Myelodysplastic Syndrome without CC
SA07D,Myeloproliferative Disorder with CC
SA07F,Myeloproliferative Disorder without CC
SA08D,Other Haematological or Splenic Disorders with CC
SA08F,Other Haematological or Splenic Disorders without CC
SA09D,Other Red Blood Cell Disorders with CC
SA09F,Other Red Blood Cell Disorders without CC
SA10E,Sickle Cell Anaemia with crisis or with CC
SA10F,Sickle Cell Anaemia without CC
SA11Z,Thalassaemia
SA12D,Thrombocytopenia with CC
SA12F,Thrombocytopenia without CC
SA13A,"Single Plasma Exchange, Leucophoresis or Red Cell Exchange with length of stay 2 days or less and 19 years and over"
SA13B,"Single Plasma Exchange, Leucophoresis or Red Cell Exchange with length of stay 2 days or less and 18 years and under"
SA14Z,Plasma Exchanges 2 to 9
SA15Z,Plasma Exchanges 10 to 19
SA16Z,Plasma Exchanges 20 or more
SA17D,Malignant Disorders of Lymphatic/Haematological Systems with CC
SA17F,Malignant Disorders of Lymphatic/Haematological systems without CC
SA18Z,Bone Marrow Harvest
SA19A,Bone Marrow Transplant - Autograft 19 years and over
SA19B,Bone Marrow Transplant - Autograft 18 years and under
SA20A,Bone Marrow Transplant - Allogeneic Graft (Sibling) 19 years and over
SA20B,Bone Marrow Transplant - Allogeneic Graft (Sibling) 18 years and under
SA21A,Bone Marrow Transplant - Allogeneic Graft (Volunteer Unrelated Donor) 19 years and over
SA21B,Bone Marrow Transplant - Allogeneic Graft (Volunteer Unrelated Donor) 18 years and under
SA22A,Bone Marrow Transplant - Allogeneic Graft (Cord Blood) 19 years and over
SA22B,Bone Marrow Transplant - Allogeneic Graft (Cord Blood) 18 years and under
SA23A,Bone Marrow Transplant - Allogeneic Graft (Haplo-Identical) 19 years and over
SA23B,Bone Marrow Transplant - Allogeneic Graft (Haplo-Identical) 18 years and under
SA24D,Acute Lymphoblastic Leukaemia with CC
SA24F,Acute Lymphoblastic Leukaemia without CC
SA25D,Acute Myeloid Leukaemia with CC
SA25F,Acute Myeloid Leukaemia without CC
SA26A,Peripheral Blood Stem Cell Transplant - Autologous 19 years and over
SA26B,Peripheral Blood Stem Cell Transplant - Autologous 18 years and under
SA27A,Peripheral Blood Stem Cell Transplant - Syngeneic 19 years and over
SA27B,Peripheral Blood Stem Cell Transplant - Syngeneic 18 years and under
SA28A,Peripheral Blood Stem Cell Transplant - Allogeneic 19 years and over
SA28B,Peripheral Blood Stem Cell Transplant - Allogeneic 18 years and under
SA30Z,Plasma Cell Disorders
SA31Z,Malignant Lymphoma (including Hodgkin's and non-Hodgkin's)
SA32Z,Chronic Lymphocytic Leukaemia & Related Disorders
SA33Z,Diagnostic Bone Marrow Extraction
SA34Z,Peripheral Blood Stem Cell Harvest
SB01Z,Procure Chemotherapy drugs for regimens in Band 1
SB02Z,Procure Chemotherapy drugs for regimens in Band 2
SB03Z,Procure Chemotherapy drugs for regimens in Band 3
SB04Z,Procure Chemotherapy drugs for regimens in Band 4
SB05Z,Procure Chemotherapy drugs for regimens in Band 5
SB06Z,Procure Chemotherapy drugs for regimens in Band 6
SB07Z,Procure Chemotherapy drugs for regimens in Band 7
SB08Z,Procure Chemotherapy drugs for regimens in Band 8
SB09Z,Procure Chemotherapy drugs for regimens in Band 9
SB10Z,Procure Chemotherapy drugs for regimens in Band 10
SB11Z,Deliver exclusively Oral Chemotherapy
SB12Z,Deliver simple Parenteral Chemotherapy at first attendance
SB13Z,Deliver more complex Parenteral Chemotherapy at first attendance
SB14Z,"Deliver complex Chemotherapy, including prolonged infusional treatment at first attendance"
SB15Z,Deliver subsequent elements of a Chemotherapy cycle
SB16Z,Procure Chemotherapy drugs for regimens not on the national list
SB17Z,Deliver chemotherapy for regimens not on the national list
SB97Z,Same day Chemotherapy admission/attendance
SC21Z,Deliver a fraction of treatment on a superficial or orthovoltage machine
SC22Z,Deliver a fraction of treatment on a megavoltage machine
SC23Z,Deliver a fraction of complex treatment on a megavoltage machine
SC24Z,Deliver a fraction of Radiotherapy on a megavoltage machine using General Anaesthetic
SC25Z,Deliver a fraction of Total Body Irradiation
SC26Z,Deliver a fraction of Intracavitary Radiotherapy without General Anaesthetic
SC27Z,Deliver a fraction of Intracavitary Radiotherapy with General Anaesthetic
SC28Z,Deliver a fraction of Interstitial Radiotherapy
SC29Z,Other Radiotherapy Treatment
SC30Z,Deliver of a fraction of intraluminal brachytherapy
SC31Z,Deliver a fraction of adaptive Radiotherapy on a megavoltage machine
SC40Z,Preparation for intensity modulated radiation therapy
SC41Z,Preparation for intensity modulated radiation therapy-With Technical Support
SC42Z,Preparation for Total Body Irradiation
SC43Z,Preparation for Total Body Irradiation-With Technical Support
SC44Z,Preparation for hemi body irradiation
SC45Z,Preparation for simple radiotherapy with imaging and dosimetry
SC46Z,Preparation for simple radiotherapy with imaging and dosimetry-With Technical Support
SC47Z,Preparation for simple radiotherapy with imaging and simple calculation
SC48Z,Preparation for simple radiotherapy with imaging and simple calculation-With Technical Support
SC49Z,Preparation for superficial radiotherapy with simple calculation
SC50Z,Preparation for superficial radiotherapy with simple calculation-With Technical Support
SC51Z,Preparation for complex conformal radiotherapy
SC52Z,Preparation for complex conformal radiotherapy-With Technical Support
SC53Z,Preparation for intraluminal brachytherapy
SC54Z,Preparation for intracavitary brachytherapy
SC55Z,Preparation for interstitial brachytherapy
SC56Z,Other external beam radiotherapy preparation
SC57Z,Other brachytherapy preparation
SD01A,Inpatient Specialist Palliative Care 19 years and over
SD01B,Inpatient Specialist Palliative Care 18 years and under
SD02A,Inpatient Specialist Palliative Care Same Day 19 years and over
SD02B,Inpatient Specialist Palliative Care Same Day 18 years and under
SD03A,Hospital Specialist Palliative Care Support 19 years and over
SD03B,Hospital Specialist Palliative Care Support 18 years and under
SD04A,Medical Specialist Palliative Care Attendance 19 years and over
SD04B,Medical Specialist Palliative Care Attendance 18 years and under
SD05A,Non-Medical Specialist Palliative Care Attendance 19 years and over
SD05B,Non-Medical Specialist Palliative Care Attendance 18 years and under
UZ01Z,Data invalid for grouping
VA10A,"Multiple trauma diagnoses, score <=23 with no interventions"
VA10B,"Multiple trauma diagnoses, score 24 - 32 with no interventions"
VA10C,"Multiple trauma diagnoses, score 33 - 50 with no interventions"
VA10D,"Multiple trauma diagnoses, score >=51 with no interventions"
VA11A,"Multiple trauma diagnoses, score <=23 with interventions, score 1 - 8"
VA11B,"Multiple trauma diagnoses, score 24 - 32 with interventions, score 1 - 8"
VA11C,"Multiple trauma diagnoses, score 33 - 50 with interventions, score 1 - 8"
VA11D,"Multiple trauma diagnoses, score >=51 with interventions, score 1 - 8"
VA12A,"Multiple trauma diagnoses, score <=23 with interventions, score 9 - 18"
VA12B,"Multiple trauma diagnoses, score 24 - 32 with interventions, score 9 - 18"
VA12C,"Multiple trauma diagnoses, score 33 - 50 with interventions, score 9 - 18"
VA12D,"Multiple trauma diagnoses, score >=51 with interventions, score 9 - 18"
VA13A,"Multiple trauma diagnoses, score <=23 with interventions, score 19 - 29"
VA13B,"Multiple trauma diagnoses, score 24 - 32 with interventions, score 19 - 29"
VA13C,"Multiple trauma diagnoses, score 33 - 50 with interventions, score 19 - 29"
VA13D,"Multiple trauma diagnoses, score >=51 with interventions, score 19 - 29"
VA14A,"Multiple trauma diagnoses, score <=23 with interventions, score 30 - 44"
VA14B,"Multiple trauma diagnoses, score 24 - 32 with interventions, score 30 - 44"
VA14C,"Multiple trauma diagnoses, score 33 - 50 with interventions, score 30 - 44"
VA14D,"Multiple trauma diagnoses, score >=51 with interventions, score 30 - 44"
VA15A,"Multiple trauma diagnoses, score <=23 with interventions, score >=45"
VA15B,"Multiple trauma diagnoses, score 24 - 32 with interventions, score >=45"
VA15C,"Multiple trauma diagnoses, score 33 - 50 with interventions, score >=45"
VA15D,"Multiple trauma diagnoses, score >=51 with interventions, score >=45"
VB01Z,Any investigation with category 5 treatment
VB02Z,Category 3 investigation with category 4 treatment
VB03Z,Category 3 investigation with category 1-3 treatment
VB04Z,Category 2 investigation with category 4 treatment
VB05Z,Category 2 investigation with category 3 treatment
VB06Z,Category 1 investigation with category 3-4 treatment
VB07Z,Category 2 investigation with category 2 treatment
VB08Z,Category 2 investigation with category 1 treatment
VB09Z,Category 1 investigation with category 1-2 treatment
VB10Z,Dental Care
VB11Z,No investigation with no significant treatment
VC01Z,Assessment for Rehabilitation (unidisciplinary)
VC02Z,Assessment for Rehabilitation (multidisciplinary; non-specialist)
VC03Z,Assessment for Rehabilitation (multidisciplinary; specialist)
VC04Z,Rehabilitation for stroke
VC06Z,Rehabilitation for brain injuries
VC08Z,Rehabilitation for Spinal Cord injuries
VC10Z,Rehabilitation for pain syndromes
VC12Z,Rehabilitation for other Neurological disorders
VC14Z,Rehabilitation for amputation of limb
VC16Z,Rehabilitation for hip fracture
VC18Z,Rehabilitation for joint replacement
VC20Z,Rehabilitation for Inflammatory Arthritis
VC22Z,Rehabilitation for Non-inflammatory Arthritis
VC24Z,Rehabilitation for other Musculoskeletal disorders
VC26Z,Rehabilitation for drug and alcohol addiction
VC28Z,Rehabilitation for other Psychiatric disorders
VC30Z,Rehabilitation for burns
VC32Z,Rehabilitation following head & neck reconstructive surgery
VC34Z,Rehabilitation following other reconstructive surgery
VC36Z,Rehabilitation for other trauma
VC38Z,Rehabilitation for acute myocardial infarction and other cardiac disorders
VC40Z,Rehabilitation for Respiratory disorders
VC42Z,Rehabilitation for other disorders
WA01W,Manifestations of HIV/AIDS with CC
WA01Y,Manifestations of HIV/AIDS without CC
WA02W,Disorders of immunity without HIV/AIDS with CC
WA02Y,Disorders of immunity without HIV/AIDS without CC
WA03V,Septicaemia with Major CC
WA03X,Septicaemia with Intermediate CC
WA03Y,Septicaemia without CC
WA04S,Acute Febrile illness length of stay 4 days or less with Major CC
WA04T,Acute Febrile illness length of stay 4 days or less with Intermediate CC
WA04U,Acute Febrile illness length of stay 4 days or less without CC
WA05Q,Pyrexia of unknown origin with length of stay 5 days or more with CC
WA05R,Pyrexia of unknown origin with length of stay 5 days or more without CC
WA06W,Other Viral illness with CC
WA06Y,Other Viral illness without CC
WA07Z,Complex infectious diseases
WA08Z,Malaria
WA09W,Other non-viral infection with CC
WA09Y,Other non-viral infection without CC
WA10Z,Other infections (Genito Urinary Medicine)
WA11V,"Poisoning, toxic, environmental and unspecified effects with Major CC"
WA11X,"Poisoning, toxic, environmental and unspecified effects with Intermediate CC"
WA11Y,"Poisoning, toxic, environmental and unspecified effects without CC"
WA12V,Complications of Procedures with Major CC
WA12X,Complications of Procedures with Intermediate CC
WA12Y,Complications of Procedures without CC
WA14Z,Planned Procedures not carried out
WA15K,Respite care length of stay 9 days or more with Major CC
WA15L,Respite care length of stay 9 days or more with Intermediate CC
WA15M,Respite care length of stay 9 days or more without CC
WA15N,Respite care length of stay between 5 and 8 days with Major CC
WA15O,Respite care length of stay between 5 and 8 days with Intermediate CC
WA15P,Respite care length of stay between 5 and 8 days without CC
WA15S,Respite care length of stay 4 days or less with Major CC
WA15T,Respite care length of stay 4 days or less with Intermediate CC
WA15U,Respite care length of stay 4 days or less without CC
WA16W,Shock and Anaphylaxis with CC
WA16Y,Shock and Anaphylaxis without CC
WA17V,Other admissions related to neoplasms with Major CC
WA17X,Other admissions related to neoplasms with Intermediate CC
WA17Y,Other admissions related to neoplasms without CC
WA18V,Admission for unexplained symptoms with Major CC
WA18X,Admission for unexplained symptoms with Intermediate CC
WA18Y,Admission for unexplained symptoms without CC
WA19W,Abnormal findings without diagnosis with CC
WA19Y,Abnormal findings without diagnosis without CC
WA20W,"Examination, follow up and special screening with CC"
WA20Y,"Examination, follow up and special screening without CC"
WA21W,Other Procedures and health care problems with CC
WA21Y,Other Procedures and health care problems without CC
WA22V,Other specified admissions and counselling with Major CC
WA22X,Other specified admissions and counselling with Intermediate CC
WA22Y,Other specified admissions and counselling without CC
WA23V,Falls without specific cause with Major CC
WA23X,Falls without specific cause with Intermediate CC
WA23Y,Falls without specific cause without CC
WA24Z,Procedures on the Lymphatic System
WD11Z,All Patients older than 69 years with a Mental Health Primary Diagnosis [treated by a Non-Specialist Mental Health Service Provider]
WD22Z,All Patients older than 19 years and younger than 69 years with a Mental Health Primary Diagnosis [treated by a Non-Specialist Mental Health Service Provider]
WD33Z,Patients younger than 19 years with a Mental Health Primary Diagnosis [treated by a Non-Specialist Mental Health Service Provider] NEC
WF01A,Non-Admitted Face to Face Attendance - Follow-up
WF01B,Non-Admitted Face to Face Attendance - First
WF01C,Non-Admitted Non Face to Face Attendance - Follow-up
WF01D,Non-Admitted Non Face to Face Attendance - First
WF02A,Multiprofessional Non-Admitted Face to Face Attendance - Follow-up
WF02B,Multiprofessional Non-Admitted Face to Face Attendance - First
WF02C,Multiprofessional Non-Admitted Non Face to Face Attendance - Follow-up
WF02D,Multiprofessional Non-Admitted Non Face to Face Attendance - First
XA01Z,Neonatal Critical Care Intensive Care
XA02Z,Neonatal Critical Care High Dependency
XA03Z,Neonatal Critical Care Special Care without external carer
XA04Z,Neonatal Critical Care Special Care with external carer
XA05Z,Neonatal Critical Care Normal Care
XA06Z,Neonatal Critical Care Transportation
XB01Z,Paediatric Critical Care Intensive Care - ECMO/ECLS
XB02Z,Paediatric Critical Care Intensive Care Advanced Enhanced
XB03Z,Paediatric Critical Care Intensive Care Advanced
XB04Z,Paediatric Critical Care Intensive Care Basic Enhanced
XB05Z,Paediatric Critical Care Intensive Care Basic
XB06Z,Paediatric Critical Care High Dependency Advanced
XB07Z,Paediatric Critical Care High Dependency
XB08Z,Paediatric Critical Care Transportation
XC01Z,Adult Critical Care - 6 Organs Supported
XC02Z,Adult Critical Care - 5 Organs Supported
XC03Z,Adult Critical Care - 4 Organs Supported
XC04Z,Adult Critical Care - 3 Organs Supported
XC05Z,Adult Critical Care - 2 Organs Supported
XC06Z,Adult Critical Care - 1 Organs Supported
XC07Z,Adult Critical Care - 0 Organs Supported
XD01Z,Primary Pulmonary Hypertension drugs band 1
XD02Z,Primary Pulmonary Hypertension drugs band 2
XD03Z,Primary Pulmonary Hypertension drugs band 3
XD04Z,Primary Pulmonary Hypertension drugs band 4
XD05Z,Blood products band 1
XD06Z,Blood products band 2
XD07Z,Fibrinolytic drugs band 1
XD08Z,Medical Gases band 1
XD09Z,Torsion Dystonias and other involuntary movements drugs band 1
XD10Z,Amyotrophic Lateral Sclerosis drugs band 1
XD11Z,Anti Fungal Drugs band 1
XD12Z,Anti Fungal drugs band 2
XD13Z,Hepatitis B treatment drugs band 1
XD14Z,Respiratory Syncytial Virus treatment and Hepatitis C treatment drugs band 1
XD15Z,Respiratory Syncytial Virus Prevention drugs band 1
XD16Z,Growth Hormone Receptor Antagonist drugs band 1
XD17Z,Growth Hormone Analogue drugs band 1
XD18Z,Bone Metabolism drugs band 1
XD19Z,Monoclonal Antibodies band 1
XD20Z,Monoclonal Antibodies band 2
XD21Z,Immunomodulating drugs band 1
XD22Z,Somatostatin Analogues band 1
XD23Z,Hypoplastic Haemolytic and Renal Anaemia drugs band 1
XD24Z,Hypoplastic Haemolytic and Renal Anaemia drugs band 2
XD25Z,Neutropenia drugs band 1
XD26Z,Intravenous Nutrition band 1
XD27Z,Metabolic Disorder drugs band 1
XD28Z,Metabolic Disorder drugs band 2
XD29Z,Metabolic Disorder drugs band 3
XD30Z,Metabolic Disorder drugs band 4
XD31Z,Cytokine Inhibitor drugs band 1
XD32Z,Hyperuricaemia drugs band 1
XD33Z,Immune Response drugs band 1
XD34Z,Immunoglobulins band 1
XD37Z,Pulmonary surfactant drugs Band 1
XD38Z,Antiretroviral drugs Band 1
XD39Z,Mucolytic drugs Band 1
XD40Z,Hypnotic drugs Band 1
XD41Z,Analgesic drugs Band 1
XD42Z,Cytomegalovirus drugs Band 1
XD43Z,Platelet disorder drugs Band 1
XD44Z,Protein tyrosine kinase inhibitors Band 1
XD45Z,Bone morphogenetic proteins Band 1
XD46Z,Subfoveal choroidal neovascularisation drugs Band 1
